,_key,_idf
0,abatacept,8
1,abbreviations,1
2,ability,8
3,able,3
4,abnormal,3
5,abroad,1
6,absence,6
7,absolute,2
8,abstracts,1
9,abundant,1
10,academia,1
11,academic,2
12,academy,2
13,accelerate,2
14,accelerated,1
15,accelerating,1
16,accept,6
17,acceptability,3
18,acceptable,1
19,acceptance,6
20,accepted,2
21,accepting,1
22,access,6
23,accessibility,1
24,accompanied,2
25,accomplish,1
26,accordance,1
27,according,12
28,account,3
29,accounts,1
30,accruing,1
31,accuracy,2
32,ace,7
33,aceexpressiondisordercaused,1
34,achieve,11
35,achieved,7
36,achievement,1
37,achievements,1
38,achieving,9
39,acid,5
40,acids,2
41,acip,9
42,acips,2
43,acquire,2
44,acquired,3
45,acquiring,1
46,acquisition,1
47,across,11
48,act,6
49,action,7
50,actions,1
51,activate,1
52,activation,4
53,active,4
54,activities,6
55,activitiesimportance,1
56,activity,10
57,acute,55
58,acutechronic,1
59,adaptive,3
60,added,2
61,addition,15
62,additional,11
63,additionally,4
64,addon,4
65,address,5
66,addressed,2
67,addresses,1
68,addressing,1
69,ade,6
70,adefovir,2
71,adenopathy,4
72,adenosine,1
73,adequate,5
74,adequately,1
75,adherence,9
76,adiposederived,1
77,adjunct,1
78,adjust,1
79,adjusted,7
80,adjusting,3
81,adjuvant,5
82,adjuvanted,3
83,administer,1
84,administered,15
85,administering,2
86,administration,35
87,administrationin,1
88,administrations,1
89,administrative,1
90,administrators,1
91,admission,4
92,admitted,2
93,adolescent,2
94,adolescents,5
95,adopted,1
96,adoptive,1
97,adult,11
98,adulthood,1
99,adults,28
100,advanced,10
101,advancements,2
102,advances,4
103,advantage,2
104,advantages,3
105,adverse,25
106,advice,1
107,advised,1
108,advisory,6
109,advocacy,1
110,advocate,1
111,ae,2
112,aes,4
113,affect,5
114,affected,10
115,affecting,2
116,affiliated,2
117,afflicted,1
118,afflicts,1
119,affordable,2
120,aforementioned,1
121,africa,9
122,african,4
123,afucosylated,3
124,age,48
125,aged,11
126,ageing,1
127,agematched,1
128,agency,1
129,agent,13
130,agents,21
131,ages,2
132,agespecific,1
133,agestructured,1
134,aggressive,1
135,agiho,1
136,agitation,1
137,ago,4
138,agree,1
139,agreed,4
140,ahbv,23
141,ahead,2
142,aid,1
143,aim,11
144,aimed,20
145,aiming,1
146,aims,16
147,air,1
148,airway,1
149,alafenamide,5
150,alanine,5
151,alappuzha,1
152,albumin,1
153,alcohol,1
154,alfaa,1
155,alfab,1
156,alike,1
157,alkaloid,1
158,allergic,5
159,allergies,1
160,allium,2
161,allocate,2
162,allocated,1
163,allocating,2
164,allocation,6
165,allogeneic,1
166,allohsct,2
167,allow,3
168,allowed,2
169,allowing,2
170,allows,2
171,almost,6
172,alone,7
173,along,5
174,alpha,5
175,alphaexpert,1
176,already,5
177,also,58
178,alt,2
179,alterations,2
180,alterative,1
181,altered,2
182,alternative,9
183,althea,1
184,although,17
185,alumadjuvanted,1
186,aluminum,1
187,alveolar,5
188,always,1
189,ambitious,1
190,ameliorate,1
191,america,1
192,american,3
193,americans,3
194,ami,8
195,amild,1
196,amino,1
197,aminotransferase,6
198,aminotransferases,1
199,aml,1
200,among,55
201,amongst,2
202,amount,2
203,amounted,1
204,amplifies,1
205,amplifying,1
206,anakinra,3
207,analog,2
208,analogs,1
209,analogues,7
210,analysed,1
211,analyses,7
212,analysis,38
213,analytical,1
214,analyze,8
215,analyzed,10
216,analyzing,2
217,anamnestic,1
218,anaphylaxis,7
219,ancient,1
220,andrographis,1
221,anemia,1
222,angeles,1
223,angiogenesis,1
224,angiotensin,2
225,angiotensinconverting,2
226,animal,2
227,animals,1
228,ankara,1
229,ann,1
230,announced,1
231,announcing,1
232,annual,1
233,annually,1
234,anonymously,1
235,another,2
236,answers,1
237,antagonist,1
238,antagonists,1
239,antenatal,2
240,antiapoptotic,2
241,antibacterial,1
242,antibodies,15
243,antibody,37
244,antibodybased,1
245,antibodydependent,3
246,anticancer,3
247,anticccdna,2
248,anticd,2
249,anticipating,1
250,anticoronavirus,1
251,anticovid,1
252,antiepidemic,1
253,antifibrogenic,1
254,antifibrotic,1
255,antifungal,1
256,antigen,37
257,antigenemia,1
258,antigenic,3
259,antigenpositive,3
260,antigens,3
261,antiglycoprotein,1
262,antihbc,6
263,antihbcpositive,2
264,antihbs,58
265,antihbsenriched,1
266,antihbv,6
267,antihemolytic,1
268,antihepatitisb,3
269,antiinflammatory,7
270,antiliver,5
271,antimalarial,3
272,antimalarials,4
273,antimicrobial,1
274,antioxidant,4
275,antiparasite,1
276,antiplatelet,2
277,antiproliferative,1
278,antipsychotics,8
279,antiretroviral,2
280,antirheumatic,1
281,antithrombotic,1
282,antitnf,5
283,antitumor,1
284,antiviral,71
285,antivirals,12
286,antivirus,1
287,anxiety,3
288,anytime,1
289,aor,6
290,aors,1
291,apart,3
292,apes,1
293,aplastic,1
294,apobecs,1
295,appear,3
296,appearance,1
297,appears,1
298,applicability,1
299,application,2
300,applications,3
301,applied,5
302,apply,1
303,appraise,1
304,appraises,1
305,appreciated,1
306,approach,18
307,approaches,14
308,appropriate,4
309,approval,4
310,approvals,1
311,approve,1
312,approved,16
313,approximately,5
314,april,3
315,ar,3
316,arab,1
317,ards,3
318,area,5
319,areahypothesis,1
320,areaofbirth,1
321,areas,11
322,areasaim,1
323,arise,1
324,arisen,1
325,arising,1
326,around,6
327,arr,1
328,array,1
329,arrhythmia,1
330,arsenal,1
331,art,6
332,arterial,1
333,arthritis,2
334,article,19
335,articles,10
336,ascs,2
337,asct,5
338,aseptically,1
339,asia,1
340,asian,3
341,asixmonthsperiod,1
342,asked,2
343,asking,1
344,aspect,2
345,aspects,4
346,assay,3
347,assays,2
348,assess,12
349,assessed,14
350,assessing,4
351,assessment,5
352,assessments,1
353,assigned,2
354,assist,1
355,associated,57
356,association,14
357,associations,4
358,assuming,1
359,assured,1
360,astrazeneca,1
361,astrazenecas,1
362,asymptomatic,5
363,atazanavir,1
364,atherosclerosis,1
365,atonomous,1
366,atrisk,3
367,attachment,1
368,attain,1
369,attainment,1
370,attempt,2
371,attempts,3
372,attention,11
373,attitude,1
374,attitudes,4
375,attracted,1
376,attracting,2
377,attractive,1
378,attracts,1
379,attributes,2
380,audiologic,1
381,augmented,1
382,august,6
383,auroc,2
384,authorisation,1
385,authorise,1
386,authorities,1
387,authority,1
388,authorization,4
389,authorized,5
390,authors,5
391,autohaemotherapy,1
392,autoimmune,1
393,autologous,1
394,auxiliary,1
395,availability,3
396,available,44
397,availably,1
398,average,7
399,averted,4
400,avoid,1
401,awaited,1
402,aware,4
403,awareness,9
404,away,1
405,axillary,5
406,aya,3
407,azithromycin,8
408,azm,6
409,b,21
410,background,33
411,bacterial,1
412,badly,1
413,baghdad,1
414,baicalensis,1
415,baicalin,1
416,balance,1
417,balb,2
418,band,1
419,bank,1
420,barcelona,1
421,baricinitib,1
422,barrier,2
423,barriers,17
424,base,4
425,based,33
426,baseline,7
427,basis,5
428,batch,2
429,bats,1
430,bcell,3
431,bcg,1
432,bcp,1
433,bear,1
434,bears,1
435,became,3
436,become,3
437,becomes,4
438,becoming,1
439,began,1
440,begin,1
441,beginning,3
442,behavioral,1
443,behind,2
444,beijing,1
445,belgium,1
446,belief,2
447,belonged,1
448,belonging,1
449,benchmark,2
450,beneficial,3
451,beneficiaries,1
452,benefit,9
453,benefited,1
454,benefiting,2
455,benefits,10
456,benefitsaverting,1
457,besides,2
458,best,4
459,beta,2
460,betacorona,1
461,betacoronavirus,2
462,betapropiolactone,1
463,betathalassemia,5
464,better,13
465,beyond,1
466,bias,4
467,bile,1
468,billions,1
469,bim,1
470,binary,1
471,bind,1
472,binding,3
473,bioactive,5
474,bioactives,2
475,biochemical,4
476,biochemistry,1
477,biologic,3
478,biological,10
479,biomarkers,6
480,biomimicry,1
481,biontech,4
482,biophysical,2
483,biopsies,1
484,biopsy,1
485,biorad,1
486,biotec,1
487,birth,20
488,birthabroad,1
489,births,2
490,bivariate,1
491,black,5
492,block,1
493,blocking,1
494,blood,15
495,bloodstream,1
496,blot,1
497,bmdcs,1
498,bmi,2
499,bntb,8
500,board,1
501,bodies,1
502,body,4
503,bodymass,1
504,bolus,2
505,bone,2
506,booster,15
507,boosters,5
508,boosting,1
509,born,12
510,bottom,1
511,boundaries,1
512,bowel,2
513,boys,1
514,brain,1
515,break,1
516,breakthrough,1
517,breast,1
518,breastfed,8
519,breastfeed,1
520,breastfeeding,3
521,breg,7
522,bregmediated,1
523,brewing,1
524,brief,1
525,bring,1
526,british,1
527,broad,3
528,broader,1
529,broadly,1
530,broadspectrum,2
531,bronchitis,1
532,bronze,1
533,brooklyn,1
534,bruton,1
535,btki,4
536,btkis,4
537,budget,1
538,buffered,1
539,buoyant,1
540,burden,10
541,burns,1
542,c,27
543,ca,1
544,calculate,1
545,calculated,2
546,calculations,1
547,calibrated,1
548,california,1
549,called,2
550,calling,1
551,cambridge,1
552,camellia,2
553,cameroon,1
554,camp,2
555,campaigns,2
556,canada,1
557,cancer,30
558,cancers,2
559,candidate,7
560,candidates,16
561,cansino,1
562,capability,1
563,capable,2
564,capacity,2
565,capita,2
566,capital,1
567,capsids,2
568,carboxymethyl,1
569,carcinoma,16
570,carcinomas,1
571,cardioprotective,1
572,cardiovascular,3
573,care,28
574,careful,2
575,carefully,1
576,caregiver,1
577,caregivers,7
578,carers,1
579,carried,2
580,carrier,3
581,carriers,3
582,carrying,2
583,cart,3
584,case,16
585,casecontrol,5
586,cases,36
587,caspase,1
588,catastrophic,1
589,categories,2
590,causal,1
591,causative,2
592,cause,12
593,caused,21
594,causes,15
595,causing,6
596,caution,2
597,cautionary,1
598,cautions,1
599,cautious,1
600,cccdna,9
601,cclg,1
602,cd,21
603,cdc,2
604,cell,18
605,cellmediated,1
606,cells,42
607,cellular,7
608,cellulose,1
609,center,1
610,centers,4
611,central,2
612,centre,2
613,centuries,1
614,century,2
615,certain,5
616,certainty,1
617,cessation,3
618,chain,3
619,chains,2
620,chair,1
621,challenge,8
622,challenged,1
623,challenges,9
624,challenging,2
625,chances,1
626,change,2
627,changes,6
628,characterised,1
629,characteristic,3
630,characteristics,17
631,characterization,3
632,characterize,1
633,characterized,6
634,characterizing,1
635,charge,2
636,chart,2
637,chb,13
638,chc,1
639,checked,1
640,checks,1
641,chemical,1
642,chemiluminescent,1
643,chemokines,1
644,chemotherapy,19
645,chemotherapyinduced,1
646,chi,4
647,chicago,1
648,chictrprc,1
649,chilblainlike,1
650,child,7
651,childhood,9
652,childpugh,3
653,children,65
654,childrens,1
655,chimeric,1
656,china,15
657,chinese,6
658,chisquare,3
659,chitosan,1
660,chloroquine,7
661,chlorpromazine,1
662,choice,1
663,choices,3
664,choosing,2
665,chq,2
666,chronic,78
667,chronically,4
668,chronicity,1
669,chymotrypsinlike,1
670,ci,44
671,cid,4
672,cids,2
673,cilostazol,5
674,circular,4
675,cirrhosis,28
676,cirrhotic,3
677,cis,3
678,cisgender,1
679,citations,2
680,cited,2
681,citizens,1
682,citrus,2
683,city,3
684,civil,1
685,cl,1
686,clarify,2
687,class,2
688,classes,2
689,classical,1
690,cld,4
691,clear,1
692,clearance,2
693,clearly,1
694,cleaved,1
695,clinic,6
696,clinical,110
697,clinically,4
698,clinicaltrialsgov,7
699,clinicians,4
700,clinics,1
701,cll,2
702,cloned,1
703,close,3
704,closed,4
705,closely,2
706,closest,1
707,clozapine,1
708,clustering,1
709,cmc,3
710,cmcdmns,4
711,cmia,1
712,cmn,1
713,cmns,1
714,cnbg,1
715,cnki,1
716,cny,1
717,coadministered,1
718,coadministration,2
719,coagulation,1
720,coagulopathy,1
721,coalitions,1
722,coating,3
723,cochrane,4
724,coding,1
725,coefficients,1
726,coexisting,1
727,coexpression,1
728,coexpressionproteins,1
729,cohort,18
730,cohorts,6
731,coinfection,3
732,colchicine,1
733,collaboration,1
734,collaborative,1
735,colleagues,2
736,collect,1
737,collected,11
738,collecting,1
739,collection,2
740,college,1
741,combat,3
742,combating,1
743,combination,21
744,combinations,1
745,combined,5
746,come,2
747,comes,2
748,commenced,1
749,commencing,1
750,commitment,2
751,committee,6
752,commodities,1
753,commodity,2
754,common,12
755,commonly,5
756,communicated,1
757,communication,4
758,communities,3
759,community,18
760,communitybased,1
761,comorbidities,2
762,comorbidity,1
763,companies,1
764,comparable,6
765,comparative,3
766,compare,8
767,compared,53
768,comparing,2
769,comparison,7
770,compassionate,1
771,compelling,1
772,competition,1
773,compile,1
774,compiled,2
775,compiling,1
776,complete,5
777,completed,9
778,completely,2
779,completing,3
780,completion,9
781,complex,4
782,complexation,1
783,complexities,1
784,complexity,2
785,compliance,2
786,complications,15
787,comply,1
788,component,4
789,components,6
790,composed,3
791,composition,3
792,compounded,1
793,compounds,1
794,comprehensive,4
795,comprehensively,1
796,comprise,1
797,comprises,1
798,computational,1
799,concentration,5
800,concentrations,4
801,concept,1
802,conceptual,1
803,concern,6
804,concerned,1
805,concerning,1
806,concerns,5
807,conclude,1
808,concluded,1
809,concludes,1
810,conclusion,26
811,conclusions,31
812,conclusive,1
813,concomitant,1
814,concomitantly,2
815,concurrent,3
816,concurrently,1
817,condition,5
818,conditional,2
819,conditions,7
820,conduct,1
821,conducted,21
822,confer,1
823,conferred,1
824,confidence,14
825,confident,1
826,confirm,2
827,confirmed,4
828,confirms,1
829,confounding,1
830,confront,1
831,confronted,1
832,confusion,2
833,conjunction,2
834,conjunctivitis,1
835,connected,1
836,connection,1
837,connective,1
838,cons,1
839,conscious,1
840,consecutive,2
841,consecutively,1
842,consensus,1
843,consent,5
844,consequences,5
845,consequent,1
846,consequently,2
847,conservative,2
848,conserved,2
849,consider,5
850,consideration,3
851,considerations,4
852,considered,19
853,considering,5
854,considers,1
855,consist,1
856,consistency,2
857,consistently,1
858,consisting,1
859,consists,2
860,consolidate,1
861,constitute,2
862,construct,2
863,constructed,1
864,constructs,1
865,consultants,2
866,consultations,1
867,consulted,1
868,consumed,1
869,consumption,1
870,contact,3
871,contacted,1
872,contagious,1
873,contained,1
874,containing,7
875,contains,2
876,contenders,1
877,context,3
878,contextual,2
879,contextualized,1
880,contextually,1
881,contingent,1
882,continuation,1
883,continue,4
884,continued,8
885,continues,4
886,continuity,1
887,continuous,1
888,continuously,2
889,contracted,1
890,contracting,2
891,contraindicating,2
892,contraindications,3
893,contrast,4
894,contribute,4
895,contributed,1
896,contributes,1
897,contributing,1
898,contributors,1
899,control,26
900,controlled,13
901,controlling,6
902,controls,15
903,controversial,2
904,convalescent,1
905,convenience,1
906,conventional,7
907,converted,1
908,converting,2
909,convolutional,1
910,cooperation,1
911,copd,3
912,cope,2
913,core,7
914,corerelated,4
915,corners,1
916,cornerstone,2
917,corona,1
918,coronary,1
919,coronavirus,84
920,coronaviruses,2
921,correlate,1
922,correlation,1
923,correlations,1
924,corresponding,1
925,corticosteroid,1
926,corticosteroids,3
927,cost,8
928,costeffective,3
929,costeffectiveness,7
930,costly,1
931,costs,12
932,costsaving,2
933,costutility,3
934,cotrimoxazole,1
935,cough,1
936,could,24
937,counseling,1
938,count,2
939,counteract,1
940,counterparts,1
941,counting,1
942,countries,22
943,country,3
944,counts,2
945,county,2
946,coupled,1
947,course,13
948,courses,1
949,covalently,4
950,cover,3
951,coverage,11
952,covered,6
953,covering,1
954,covers,1
955,covid,388
956,covidpositive,1
957,covidrelated,5
958,covs,1
959,cox,2
960,cpg,6
961,cpgp,2
962,cq,1
963,crd,3
964,create,1
965,created,2
966,credible,1
967,crediblemeds,1
968,crises,1
969,crisis,3
970,criteria,15
971,critical,14
972,critically,4
973,crosssectional,5
974,crs,1
975,crucial,10
976,crude,1
977,cryoglobulinemic,1
978,cryopreserved,1
979,cryptotanshinone,1
980,cs,4
981,ct,1
982,ctd,3
983,ctds,1
984,ctl,1
985,ctla,1
986,culture,3
987,cultures,1
988,cuminum,1
989,cumulative,2
990,curative,2
991,curativeintent,1
992,curb,1
993,curcumin,1
994,cure,14
995,cured,1
996,curfews,1
997,curing,1
998,curiosity,1
999,current,44
1000,currently,28
1001,curriculum,1
1002,curve,1
1003,cusp,1
1004,customizable,1
1005,cutaneous,3
1006,cutoff,3
1007,cutting,1
1008,cv,6
1009,cycle,3
1010,cycles,4
1011,cyminum,1
1012,cytochromes,2
1013,cytokine,19
1014,cytokines,6
1015,cytomegalovirus,1
1016,cytometrybased,2
1017,cytosine,2
1018,cytotoxic,2
1019,daa,1
1020,daas,3
1021,dagger,2
1022,daily,3
1023,daly,3
1024,dalys,1
1025,damage,16
1026,damaged,2
1027,damages,1
1028,dampen,1
1029,dangerous,1
1030,dangers,1
1031,darunavir,1
1032,data,49
1033,database,9
1034,databases,9
1035,date,14
1036,day,8
1037,days,16
1038,ddi,2
1039,ddimer,2
1040,ddis,1
1041,de,4
1042,deadliest,1
1043,deadly,1
1044,dealt,1
1045,death,11
1046,deaths,11
1047,debated,1
1048,debates,1
1049,dec,1
1050,decades,4
1051,december,20
1052,decision,3
1053,decisionmaking,1
1054,decisions,2
1055,decisiontree,1
1056,declare,1
1057,declared,1
1058,decline,1
1059,declined,1
1060,decrease,9
1061,decreased,15
1062,decreases,3
1063,decreasing,2
1064,dedicated,1
1065,deepen,1
1066,defects,1
1067,defensin,1
1068,deferred,1
1069,deficiencies,1
1070,deficient,1
1071,defined,8
1072,definite,4
1073,definitely,2
1074,definitions,3
1075,definitive,2
1076,degradation,1
1077,degree,1
1078,degrees,3
1079,delay,1
1080,delays,1
1081,deleterious,1
1082,deliberate,3
1083,deliberations,2
1084,delirium,2
1085,deliver,3
1086,delivered,2
1087,delivering,1
1088,delivery,15
1089,deluge,1
1090,demand,8
1091,demanding,1
1092,demands,1
1093,demographic,2
1094,demographics,1
1095,demonstrate,8
1096,demonstrated,18
1097,demonstrates,2
1098,demonstrating,2
1099,dendrimers,1
1100,dendritic,2
1101,dengue,3
1102,denmark,2
1103,density,1
1104,denv,2
1105,department,1
1106,departments,1
1107,depend,1
1108,depending,1
1109,depends,1
1110,depletion,1
1111,deploy,2
1112,deployed,5
1113,deploying,1
1114,deployment,2
1115,depth,1
1116,derivation,2
1117,derivatives,2
1118,derive,1
1119,derived,2
1120,dermatitis,3
1121,dermatologists,1
1122,dermatology,1
1123,descended,1
1124,describe,7
1125,described,5
1126,describing,2
1127,descriptions,1
1128,descriptive,2
1129,design,16
1130,designation,1
1131,designed,4
1132,designif,1
1133,designing,2
1134,designs,1
1135,desire,1
1136,despite,17
1137,detail,4
1138,detailed,4
1139,details,2
1140,detectable,3
1141,detected,5
1142,detecting,1
1143,detection,4
1144,deterioration,1
1145,determinants,2
1146,determination,1
1147,determine,11
1148,determined,7
1149,determining,3
1150,detract,1
1151,devastating,2
1152,develop,16
1153,developed,18
1154,developers,1
1155,developing,5
1156,development,63
1157,developments,3
1158,dexamethasone,4
1159,diabetes,6
1160,diabetics,1
1161,diagnose,4
1162,diagnosed,4
1163,diagnosis,18
1164,diagnostic,1
1165,dialysis,3
1166,dichotomouschoice,1
1167,died,2
1168,differ,3
1169,difference,7
1170,differences,7
1171,different,41
1172,differential,5
1173,differentiation,1
1174,difficult,3
1175,difficulty,1
1176,diffuse,1
1177,digestive,1
1178,diluted,1
1179,diminished,1
1180,direct,5
1181,directacting,4
1182,directed,1
1183,directions,1
1184,directly,3
1185,disabilityadjusted,1
1186,disadvantage,1
1187,disadvantages,1
1188,disaster,1
1189,discharge,6
1190,discharged,4
1191,discontinuation,1
1192,discontinue,1
1193,discount,1
1194,discover,1
1195,discovery,2
1196,discuss,11
1197,discussed,13
1198,discusses,4
1199,discussing,1
1200,discussion,1
1201,discussions,1
1202,disease,111
1203,diseasecausing,4
1204,diseases,27
1205,diseasespecific,1
1206,disoproxil,12
1207,disorder,2
1208,disorders,3
1209,displayed,2
1210,disproportionately,2
1211,disrupt,1
1212,disrupted,1
1213,disrupting,1
1214,disruption,2
1215,disruptions,1
1216,dissect,1
1217,dissolution,1
1218,dissolved,1
1219,dissolving,2
1220,distal,1
1221,distancing,1
1222,distinct,4
1223,distress,9
1224,distribute,3
1225,distributed,1
1226,distribution,5
1227,distributions,1
1228,distrust,2
1229,disturbances,1
1230,ditan,1
1231,diverse,5
1232,diversity,1
1233,divided,4
1234,dizziness,1
1235,dlbcl,2
1236,dm,4
1237,dmns,3
1238,dna,40
1239,dnacontaining,1
1240,docking,1
1241,dockingbased,1
1242,doctors,1
1243,document,1
1244,documented,3
1245,documents,1
1246,domains,1
1247,domestic,9
1248,domesticallymade,3
1249,dominant,2
1250,dominated,1
1251,done,7
1252,donor,2
1253,dose,47
1254,doses,32
1255,dosing,1
1256,double,1
1257,doubleblinded,1
1258,doublebounded,1
1259,doubt,1
1260,doubtful,1
1261,downregulation,2
1262,downstream,2
1263,draining,1
1264,dramatic,1
1265,drastic,1
1266,drawn,1
1267,driven,1
1268,driver,1
1269,driving,3
1270,drug,38
1271,drugdrug,6
1272,drugrepurposing,1
1273,drugs,42
1274,dryness,1
1275,dualrelease,3
1276,duct,1
1277,due,25
1278,durable,1
1279,duration,12
1280,dying,1
1281,dynamic,1
1282,dynamics,1
1283,dynavax,1
1284,dysfunction,4
1285,dysfunctional,1
1286,dyspnoea,1
1287,dysregulation,2
1288,e,11
1289,earlier,4
1290,early,14
1291,easily,1
1292,east,5
1293,ebola,1
1294,ebv,2
1295,ecc,3
1296,echinacea,2
1297,economic,4
1298,economics,1
1299,economy,2
1300,ecosystem,1
1301,ecuador,2
1302,edema,1
1303,edge,2
1304,edition,1
1305,editorial,1
1306,education,6
1307,educational,2
1308,ee,1
1309,effect,26
1310,effective,64
1311,effectively,8
1312,effectiveness,11
1313,effector,1
1314,effects,43
1315,efficacious,5
1316,efficacy,61
1317,efficacyareas,1
1318,efficiency,5
1319,efficient,2
1320,effort,9
1321,efforts,11
1322,eg,4
1323,egypt,1
1324,eight,1
1325,eir,1
1326,either,13
1327,elapsed,1
1328,elastography,1
1329,elderly,2
1330,electronic,2
1331,electronically,1
1332,element,1
1333,elements,2
1334,elevated,5
1335,elevation,1
1336,elevations,2
1337,eleven,1
1338,eliberate,1
1339,elicit,2
1340,elicited,3
1341,eliciting,2
1342,eligibility,11
1343,eligible,11
1344,eliminate,5
1345,eliminating,4
1346,elimination,8
1347,elucidated,2
1348,elucidating,1
1349,ema,3
1350,embase,5
1351,emerged,5
1352,emergence,4
1353,emergency,15
1354,emerging,10
1355,emetine,1
1356,emirates,1
1357,emodin,1
1358,emphasis,1
1359,empirical,1
1360,employed,2
1361,employers,2
1362,employing,1
1363,employment,1
1364,employs,1
1365,empty,1
1366,emtricitabine,1
1367,enable,1
1368,enabling,1
1369,encapsulate,1
1370,encapsulation,1
1371,encodes,1
1372,encoding,2
1373,encompassing,1
1374,encourage,2
1375,encouraged,1
1376,encouraging,3
1377,end,4
1378,endangers,1
1379,endeavoring,1
1380,ended,1
1381,endemic,7
1382,endemicity,1
1383,endorsed,1
1384,endothelial,1
1385,endpoint,5
1386,endpoints,2
1387,endstage,5
1388,energy,1
1389,engage,1
1390,engagement,1
1391,engerixb,22
1392,engine,1
1393,england,1
1394,english,1
1395,enhance,2
1396,enhanced,3
1397,enhancement,3
1398,enhancer,1
1399,enhances,1
1400,enlightenment,1
1401,enough,1
1402,enriched,2
1403,enrichment,1
1404,enrolled,13
1405,ensued,1
1406,ensure,7
1407,ensuring,1
1408,entecavir,6
1409,entered,1
1410,enters,2
1411,entities,1
1412,entrusted,1
1413,entry,5
1414,envelope,4
1415,enveloped,4
1416,environment,1
1417,enzyme,4
1418,enzymes,1
1419,eosinopenia,1
1420,eosinophilic,1
1421,epidemic,6
1422,epidemiologic,3
1423,epidemiological,5
1424,epidemiology,3
1425,epigenetic,1
1426,epinephrine,1
1427,episodes,1
1428,episome,2
1429,epithelial,3
1430,epithelium,1
1431,epitopes,2
1432,epsteinbarr,1
1433,epub,1
1434,equal,1
1435,equally,3
1436,equipment,4
1437,equitable,2
1438,equity,1
1439,equivalence,3
1440,equivalent,1
1441,eradicate,4
1442,eradication,2
1443,eras,1
1444,erythrocytes,1
1445,esophagus,2
1446,especially,6
1447,essential,8
1448,establish,2
1449,established,7
1450,estimate,7
1451,estimated,7
1452,estimates,6
1453,estimating,1
1454,etc,4
1455,ethical,4
1456,ethics,1
1457,ethiopia,2
1458,ethnic,1
1459,ethnicity,2
1460,etiologic,1
1461,etiological,1
1462,etiologies,1
1463,etiology,3
1464,etr,2
1465,etv,7
1466,eu,1
1467,eua,7
1468,europe,1
1469,european,1
1470,evade,1
1471,evaluate,12
1472,evaluated,15
1473,evaluates,1
1474,evaluating,3
1475,evaluation,10
1476,evaluations,1
1477,even,10
1478,event,5
1479,events,19
1480,eventual,2
1481,ever,1
1482,every,2
1483,everyday,1
1484,evidence,30
1485,evidencebased,6
1486,evidenceinformed,1
1487,evident,1
1488,evokes,1
1489,evolution,1
1490,evolutionary,1
1491,evolve,1
1492,evolved,2
1493,evs,1
1494,ex,1
1495,exacerbation,2
1496,exact,2
1497,examination,1
1498,examine,3
1499,examined,6
1500,examines,2
1501,examining,1
1502,example,2
1503,examples,1
1504,exceeding,2
1505,exceedingly,1
1506,excellent,1
1507,except,2
1508,exception,1
1509,exceptional,1
1510,excerpta,1
1511,excessive,3
1512,exciting,1
1513,excluded,5
1514,excluding,1
1515,excretion,1
1516,exemplified,1
1517,exerts,2
1518,exhausted,1
1519,exhibited,2
1520,exhibits,1
1521,exist,5
1522,existence,3
1523,existing,9
1524,exists,1
1525,exit,1
1526,exosome,2
1527,exosomes,4
1528,expand,1
1529,expanded,1
1530,expanding,1
1531,expansion,1
1532,expectations,1
1533,expected,2
1534,expeditiously,1
1535,experience,10
1536,experienced,3
1537,experiences,1
1538,experiencing,3
1539,experiment,1
1540,experimental,5
1541,experiments,1
1542,expert,8
1543,expertise,1
1544,experts,1
1545,explain,1
1546,explanation,1
1547,exploited,2
1548,explore,1
1549,explores,1
1550,exploring,1
1551,exposed,7
1552,exposure,12
1553,express,2
1554,expressed,1
1555,expression,7
1556,expressions,3
1557,extend,1
1558,extended,1
1559,extension,1
1560,extensive,4
1561,extensively,2
1562,extent,2
1563,extracellular,1
1564,extract,2
1565,extracted,2
1566,extraction,1
1567,extrahepatic,2
1568,extraordinary,1
1569,extrapolated,1
1570,extrapulmonary,2
1571,extravascular,1
1572,extreme,1
1573,extremely,1
1574,exudation,2
1575,eya,1
1576,f,2
1577,face,2
1578,faced,2
1579,facetoface,1
1580,facets,1
1581,facilitate,4
1582,facilitated,3
1583,facilitators,1
1584,facilities,3
1585,facility,3
1586,facing,2
1587,fact,3
1588,factor,5
1589,factoralpha,1
1590,factors,27
1591,faecaloral,1
1592,failed,3
1593,failure,15
1594,falling,1
1595,familiar,1
1596,family,6
1597,far,9
1598,fascinating,1
1599,fast,4
1600,faster,3
1601,fatal,4
1602,fatality,1
1603,fate,1
1604,fatigue,2
1605,favipiravir,3
1606,favorable,8
1607,favourable,1
1608,fc,2
1609,fcgammariiia,2
1610,fda,8
1611,fdaapproved,4
1612,fear,1
1613,feasibility,2
1614,feasible,2
1615,feature,1
1616,features,7
1617,february,1
1618,female,3
1619,females,2
1620,ferritin,2
1621,fever,2
1622,fewer,3
1623,fibroscan,2
1624,fibrosis,15
1625,fibrous,2
1626,field,2
1627,fifteen,1
1628,fifth,1
1629,fiftyeight,1
1630,fight,5
1631,filled,2
1632,filtration,1
1633,final,1
1634,finally,4
1635,financial,1
1636,find,10
1637,finding,6
1638,findings,25
1639,finite,1
1640,fio,3
1641,first,30
1642,firstline,2
1643,fishers,2
1644,fitness,1
1645,five,12
1646,fixeddose,1
1647,flare,2
1648,flares,2
1649,flash,1
1650,flatline,2
1651,flavonoids,1
1652,flow,2
1653,fluids,2
1654,fluoroquinolone,1
1655,fnc,1
1656,focus,9
1657,focused,8
1658,focuses,5
1659,focusing,2
1660,fold,2
1661,follow,1
1662,followed,7
1663,following,13
1664,follows,3
1665,followup,9
1666,food,8
1667,forced,1
1668,forefront,1
1669,foreign,5
1670,foreignmade,2
1671,foremost,1
1672,form,4
1673,formaldehyde,1
1674,format,1
1675,formation,1
1676,formed,1
1677,formidable,1
1678,forming,1
1679,forms,1
1680,formula,1
1681,formulafed,2
1682,formulation,4
1683,formulations,1
1684,forsaken,1
1685,found,21
1686,four,10
1687,fourfold,1
1688,fourth,2
1689,fpv,1
1690,frailty,2
1691,frame,3
1692,framework,5
1693,free,3
1694,freeofcharge,1
1695,frequencies,4
1696,frequency,9
1697,frequent,5
1698,frequently,5
1699,frontline,1
1700,frontrunners,1
1701,fulfilled,2
1702,full,2
1703,fulllength,2
1704,fulltext,2
1705,fully,7
1706,fumarate,13
1707,function,8
1708,functional,8
1709,functions,7
1710,fundamental,1
1711,funded,1
1712,funding,3
1713,fungal,1
1714,furthermore,4
1715,futility,2
1716,future,19
1717,g,5
1718,ga,1
1719,gain,2
1720,gamaleya,1
1721,gamma,2
1722,gaps,1
1723,garlic,1
1724,gather,1
1725,gc,1
1726,genclip,1
1727,gender,2
1728,genderbased,1
1729,genderdisaggregated,1
1730,gendered,1
1731,gene,8
1732,genebased,3
1733,general,10
1734,generalized,1
1735,generally,4
1736,generate,5
1737,generated,2
1738,generations,1
1739,generic,2
1740,genes,2
1741,genetic,1
1742,geneva,1
1743,genome,7
1744,genomes,1
1745,genomic,1
1746,genotype,2
1747,genotypes,6
1748,genotyping,1
1749,geographic,1
1750,geographically,1
1751,geological,1
1752,geometric,3
1753,gestational,1
1754,get,3
1755,getting,1
1756,ghana,1
1757,ginseng,1
1758,girls,1
1759,give,2
1760,given,20
1761,glabra,3
1762,glaxosmithkline,1
1763,global,34
1764,globally,5
1765,globe,4
1766,globulin,3
1767,glomerulonephritis,2
1768,glucocorticoid,1
1769,glucocorticoids,2
1770,glycan,1
1771,glycoprotein,5
1772,glycoproteins,1
1773,glycosylation,1
1774,glycyrrhiza,2
1775,gmc,7
1776,go,2
1777,goal,8
1778,goals,5
1779,going,1
1780,goldstandard,1
1781,good,4
1782,google,4
1783,government,4
1784,governments,1
1785,governorate,1
1786,gprotein,1
1787,grade,6
1788,grades,1
1789,grading,2
1790,gradually,2
1791,granzyme,1
1792,graph,1
1793,great,10
1794,greater,10
1795,greatest,2
1796,green,1
1797,gross,2
1798,groundbreaking,1
1799,grounds,1
1800,group,42
1801,grouped,1
1802,groups,22
1803,growing,3
1804,growth,3
1805,guangxi,1
1806,guaranteed,1
1807,guardians,2
1808,guidance,2
1809,guide,4
1810,guideline,3
1811,guidelines,18
1812,guiding,1
1813,h,3
1814,haematological,1
1815,half,4
1816,halt,1
1817,hamper,1
1818,hamster,1
1819,harboured,1
1820,harm,1
1821,harmful,2
1822,harness,1
1823,hav,2
1824,havoc,1
1825,hazard,1
1826,hb,21
1827,hbc,3
1828,hbcab,2
1829,hbcabs,3
1830,hbcrag,15
1831,hbd,7
1832,hbeag,15
1833,hbeagpositive,4
1834,hbig,3
1835,hbm,2
1836,hbo,3
1837,hbs,5
1838,hbsab,15
1839,hbsabseronegative,4
1840,hbsabseropositive,1
1841,hbsag,50
1842,hbsagcoated,1
1843,hbsagnegative,2
1844,hbsagpla,4
1845,hbsagpositive,7
1846,hbv,239
1847,hbvac,3
1848,hbvaccine,1
1849,hbvaccinecoverage,1
1850,hbvcured,1
1851,hbvdna,2
1852,hbvinfected,5
1853,hbviss,1
1854,hbvmediated,1
1855,hbvmonoinfected,1
1856,hbvrelated,3
1857,hbvspecific,1
1858,hbvtargeting,1
1859,hbx,2
1860,hbxis,4
1861,hcart,6
1862,hcc,29
1863,hcmv,2
1864,hcq,16
1865,hcv,25
1866,hcvassociated,1
1867,hcws,8
1868,hdc,4
1869,hdv,2
1870,headache,1
1871,headings,2
1872,health,69
1873,healthcare,24
1874,healthfacility,1
1875,healthy,16
1876,hearing,3
1877,heart,4
1878,hearts,1
1879,heavy,2
1880,held,1
1881,helicase,1
1882,help,6
1883,helpful,2
1884,hematologic,1
1885,hematological,1
1886,hematopoietic,2
1887,hence,2
1888,hepa,1
1889,hepadnaviral,1
1890,hepadnaviridae,1
1891,hepadnaviruses,2
1892,heparin,4
1893,heparins,2
1894,hepatectomy,3
1895,hepatidities,1
1896,hepatitis,27
1897,hepatitis b,240
1898,hepatitisbinfected,2
1899,hepatitisbrelated,6
1900,hepatitisbvaccine,1
1901,hepatitisbx,1
1902,hepatocellular,18
1903,hepatocyte,2
1904,hepatocytes,5
1905,hepatocytetransplanted,1
1906,hepatotoxicity,1
1907,hepatotropic,2
1908,hepb,7
1909,hepbalum,8
1910,hepbbd,11
1911,hepbcpg,13
1912,hepcpg,1
1913,heplisav,1
1914,heplisavb,36
1915,heralded,1
1916,herb,2
1917,herbal,6
1918,herbs,2
1919,herd,1
1920,herein,3
1921,herpes,1
1922,hesitancy,11
1923,hesitant,1
1924,heterogeneity,2
1925,heterogeneous,1
1926,hev,5
1927,high,57
1928,highdose,1
1929,higher,53
1930,highest,7
1931,highimpact,1
1932,highincome,1
1933,highlevel,3
1934,highlight,8
1935,highlighted,2
1936,highlighting,1
1937,highlights,4
1938,highly,9
1939,highquality,1
1940,highresponse,2
1941,highrisk,6
1942,hinges,1
1943,histology,1
1944,historical,3
1945,historically,1
1946,history,8
1947,hiv,18
1948,hivexposed,3
1949,hivinfected,9
1950,hivnegative,4
1951,hivpositive,9
1952,hivseropositive,1
1953,hla,1
1954,hold,1
1955,home,5
1956,homeostasis,1
1957,homoharringtonine,1
1958,hope,4
1959,hopefully,1
1960,hoping,1
1961,hopkins,1
1962,horizontal,2
1963,horse,1
1964,hospital,21
1965,hospitalisation,2
1966,hospitalised,4
1967,hospitalization,1
1968,hospitalizations,2
1969,hospitalized,3
1970,hospitals,3
1971,host,7
1972,hour,1
1973,hours,8
1974,household,2
1975,households,1
1976,however,40
1977,hpv,2
1978,hr,2
1979,https,1
1980,hua,1
1981,hub,2
1982,huge,2
1983,human,27
1984,humanized,1
1985,humans,9
1986,humoral,5
1987,hundred,4
1988,hurdle,2
1989,hyaline,1
1990,hydrophilicity,1
1991,hydroxychloroquine,11
1992,hygiene,3
1993,hyperbaric,1
1994,hypercoagulability,1
1995,hypercoagulation,1
1996,hypericum,1
1997,hyperimmune,1
1998,hyperinflammation,2
1999,hyperinflammatory,3
2000,hyperpermeability,1
2001,hyperplastic,2
2002,hypersensitivity,1
2003,hypertension,2
2004,hypoglycemia,1
2005,hyporesponsive,1
2006,hyporesponsiveness,1
2007,hypotheses,1
2008,hypothesis,4
2009,hypothesized,2
2010,hypoxemia,2
2011,ia,3
2012,ibd,11
2013,ibdspecific,1
2014,ic,2
2015,icc,3
2016,icer,1
2017,icers,4
2018,idc,1
2019,idcs,1
2020,ide,8
2021,idea,2
2022,ideally,2
2023,ideas,1
2024,identification,2
2025,identified,28
2026,identifier,1
2027,identify,13
2028,identifying,1
2029,identity,1
2030,ie,4
2031,ifn,10
2032,ifng,1
2033,ifngamma,2
2034,ifnmediated,1
2035,ifns,2
2036,igaspecific,1
2037,igg,6
2038,igga,1
2039,iggfc,1
2040,igm,1
2041,iguesterin,1
2042,ii,8
2043,iii,9
2044,iinduced,1
2045,il,11
2046,ilb,1
2047,ilbeta,1
2048,ill,1
2049,illness,7
2050,illnesses,2
2051,illustrates,1
2052,im,3
2053,imaging,1
2054,imatinib,1
2055,imbalance,3
2056,immature,1
2057,immediate,1
2058,immediately,5
2059,imminent,1
2060,immune,50
2061,immunemediated,1
2062,immuneresponse,1
2063,immunetolerant,1
2064,immunisation,2
2065,immunisations,1
2066,immunity,21
2067,immunization,27
2068,immunize,1
2069,immunized,2
2070,immunoassay,2
2071,immunodeficiency,3
2072,immunodeficient,1
2073,immunogenic,1
2074,immunogenicity,15
2075,immunoglobulin,6
2076,immunoglobulins,2
2077,immunohistochemistry,1
2078,immunoinformatic,2
2079,immunological,10
2080,immunology,1
2081,immunomodulating,2
2082,immunomodulation,1
2083,immunomodulators,2
2084,immunomodulatory,6
2085,immunopathological,1
2086,immunopathology,1
2087,immunoprophylaxis,6
2088,immunosuppressants,3
2089,immunosuppressed,1
2090,immunosuppression,5
2091,immunosuppressive,7
2092,immunotherapeutics,2
2093,immunotherapy,2
2094,impact,15
2095,impacts,6
2096,impaired,2
2097,impairment,1
2098,impending,1
2099,implement,2
2100,implementation,10
2101,implemented,5
2102,implementing,1
2103,implicated,1
2104,implication,2
2105,implications,2
2106,implying,1
2107,importance,8
2108,important,26
2109,imposed,2
2110,improve,12
2111,improved,11
2112,improvement,6
2113,improvements,1
2114,improves,3
2115,improving,3
2116,inactivated,6
2117,inactivation,1
2118,inadequate,1
2119,inc,3
2120,inception,3
2121,incidence,17
2122,incident,2
2123,include,6
2124,included,39
2125,includes,2
2126,including,45
2127,inclusion,6
2128,income,5
2129,incomplete,1
2130,inconclusive,3
2131,inconsistency,1
2132,inconvenience,1
2133,incorporation,1
2134,increase,16
2135,increased,28
2136,increases,1
2137,increasing,12
2138,increasingly,1
2139,incremental,5
2140,incubation,1
2141,incurable,1
2142,indeed,1
2143,indefinite,1
2144,independent,11
2145,independently,3
2146,indepth,1
2147,indeterminate,3
2148,index,2
2149,indexes,1
2150,india,3
2151,indicate,9
2152,indicated,8
2153,indicates,1
2154,indicating,3
2155,indication,1
2156,indications,3
2157,indicators,1
2158,indinavir,1
2159,indirectly,2
2160,indispensable,2
2161,individual,7
2162,individuals,19
2163,indonesia,2
2164,induce,2
2165,induced,5
2166,inducer,1
2167,induces,2
2168,induction,2
2169,inductive,1
2170,industry,1
2171,ineffective,1
2172,inequalities,2
2173,inequities,2
2174,inexpensive,2
2175,infancy,2
2176,infant,16
2177,infants,45
2178,infarction,2
2179,infect,1
2180,infected,26
2181,infection,171
2182,infectioninduced,1
2183,infections,29
2184,infectionspecific,1
2185,infectious,11
2186,infectiveness,1
2187,infectivity,4
2188,infects,3
2189,inferential,1
2190,inferred,1
2191,infiltrate,1
2192,infiltration,1
2193,inflammation,5
2194,inflammatory,17
2195,inflicted,1
2196,infliximab,2
2197,influence,5
2198,influenced,5
2199,influences,1
2200,influencing,3
2201,influenza,3
2202,inform,4
2203,information,21
2204,informed,2
2205,infrastructure,1
2206,infrequent,1
2207,inherent,1
2208,inhibit,4
2209,inhibited,1
2210,inhibiting,2
2211,inhibition,3
2212,inhibitor,1
2213,inhibitors,3
2214,inhospital,1
2215,initial,14
2216,initially,5
2217,initiated,1
2218,initiation,7
2219,initiatives,1
2220,inject,2
2221,injected,1
2222,injecting,1
2223,injection,7
2224,injections,1
2225,injuries,2
2226,injury,4
2227,innate,4
2228,innovative,1
2229,inpatient,1
2230,inpatients,1
2231,inprocess,1
2232,insertion,1
2233,insight,3
2234,insights,1
2235,instance,1
2236,instances,1
2237,instead,2
2238,instill,1
2239,institution,1
2240,institutional,2
2241,institutions,2
2242,instrumental,1
2243,insufficiency,1
2244,insufficient,1
2245,insurance,1
2246,integrations,1
2247,intend,1
2248,intended,1
2249,intensified,1
2250,intensive,2
2251,intent,4
2252,intention,3
2253,interaction,8
2254,interactions,9
2255,interest,6
2256,interestingly,3
2257,interfere,1
2258,interference,1
2259,interfering,1
2260,interferon,8
2261,interferongamma,1
2262,interferongammamediated,1
2263,interferons,3
2264,interferonstimulated,1
2265,interim,10
2266,interleukin,3
2267,intermediate,1
2268,intermittent,1
2269,international,5
2270,interoperable,1
2271,interplay,1
2272,interpretation,3
2273,interquartile,1
2274,interrupt,1
2275,interruption,1
2276,intersection,1
2277,interstitial,3
2278,interval,12
2279,intervals,2
2280,intervention,6
2281,interventions,20
2282,interviewed,1
2283,interviews,5
2284,intracellular,4
2285,intrahepatic,4
2286,intramuscular,3
2287,intramuscularly,2
2288,intravenous,2
2289,intravenously,2
2290,introduce,1
2291,introduced,4
2292,introduces,1
2293,introduction,11
2294,intubated,1
2295,intubation,2
2296,invading,1
2297,invasive,2
2298,invest,3
2299,investigate,9
2300,investigated,7
2301,investigates,1
2302,investigation,5
2303,investigational,2
2304,investigations,2
2305,investment,1
2306,invitro,1
2307,invivo,1
2308,involve,2
2309,involved,4
2310,involvement,2
2311,involving,2
2312,ionomycin,1
2313,ipd,4
2314,iqr,4
2315,iraq,1
2316,iraqi,1
2317,irish,1
2318,ischaemia,1
2319,ischemic,1
2320,isi,1
2321,isolated,1
2322,isolation,4
2323,isolations,1
2324,isoniazid,1
2325,isotope,1
2326,iss,1
2327,issue,8
2328,issued,7
2329,issues,7
2330,italian,1
2331,italians,1
2332,italy,1
2333,itching,3
2334,items,2
2335,iu,16
2336,iv,4
2337,ivermectin,7
2338,ivermectinrelated,2
2339,ivig,3
2340,jak,1
2341,jan,1
2342,janssen,1
2343,january,10
2344,japan,2
2345,jhu,1
2346,jirovecii,1
2347,john,1
2348,johnsonjohnson,1
2349,joint,1
2350,journal,1
2351,judged,1
2352,july,5
2353,june,6
2354,justification,2
2355,justified,2
2356,justify,2
2357,kaiser,1
2358,kampala,1
2359,kb,1
2360,keeps,1
2361,kegg,2
2362,kenya,1
2363,kerala,2
2364,key,7
2365,kg,2
2366,kidney,12
2367,kidneys,2
2368,killed,1
2369,killer,1
2370,kinase,2
2371,kinds,1
2372,kinetics,1
2373,kingdom,1
2374,know,1
2375,knowledge,7
2376,known,11
2377,korea,2
2378,kpa,1
2379,l,8
2380,lab,1
2381,label,1
2382,labeling,1
2383,laboratory,3
2384,laboratoryconfirmed,1
2385,labs,1
2386,lack,14
2387,lacking,2
2388,lactating,1
2389,lamivudine,9
2390,landscape,2
2391,language,3
2392,large,10
2393,largely,3
2394,larger,4
2395,largesample,1
2396,largescale,1
2397,largest,2
2398,laryngoscope,1
2399,last,7
2400,lastmile,1
2401,late,4
2402,later,5
2403,latest,1
2404,latestage,1
2405,latin,1
2406,launched,2
2407,layperson,1
2408,lead,11
2409,leaders,2
2410,leadership,1
2411,leading,12
2412,leads,2
2413,leaning,1
2414,learn,1
2415,learned,2
2416,least,13
2417,led,9
2418,ledipasvir,1
2419,length,1
2420,lenvervimab,1
2421,leone,1
2422,lesion,1
2423,lesions,6
2424,less,12
2425,lessons,3
2426,leukaemia,2
2427,leukemia,6
2428,leukocytemediated,1
2429,leukopenia,1
2430,level,13
2431,levels,51
2432,lexicomp,1
2433,lhqw,9
2434,lhqwcomponent,1
2435,lhqwpin,1
2436,lhqwproteins,1
2437,lian,1
2438,library,1
2439,licensed,2
2440,licensure,2
2441,lieu,1
2442,life,6
2443,lifecycle,1
2444,lifesaving,1
2445,lifethreatening,2
2446,lifetime,2
2447,lifeyears,1
2448,ligands,1
2449,light,2
2450,like,3
2451,likelihood,3
2452,likely,22
2453,limit,3
2454,limitations,3
2455,limited,15
2456,limits,3
2457,line,3
2458,link,1
2459,linked,2
2460,lipid,4
2461,lipids,1
2462,liposomes,1
2463,list,2
2464,listed,1
2465,lists,1
2466,literature,12
2467,literaturebased,1
2468,little,4
2469,live,2
2470,liveattenuated,1
2471,livelihoods,1
2472,liver,56
2473,liverpool,1
2474,livers,1
2475,livertropism,1
2476,lives,6
2477,livevectored,1
2478,living,5
2479,lns,1
2480,load,9
2481,loads,4
2482,local,5
2483,location,1
2484,locations,2
2485,lockdowns,1
2486,log,5
2487,logistic,6
2488,logiu,1
2489,long,4
2490,longitudinal,1
2491,longterm,17
2492,longtime,1
2493,look,1
2494,looked,1
2495,looks,1
2496,lopinavir,8
2497,lopinavirritonavir,1
2498,los,4
2499,loss,11
2500,lost,4
2501,lot,10
2502,lots,5
2503,lottolot,1
2504,low,29
2505,lowcertainty,1
2506,lowcost,1
2507,lower,26
2508,lowered,1
2509,lowerincome,2
2510,lowincome,1
2511,lowinflammation,1
2512,lowlevel,1
2513,lowmedium,1
2514,lowmolecularweight,1
2515,lowresponse,2
2516,lt,1
2517,lung,8
2518,lungs,3
2519,lycorine,1
2520,lymph,2
2521,lymphoblastic,1
2522,lymphocyte,2
2523,lymphocytes,1
2524,lymphocytic,2
2525,lymphoma,3
2526,lymphopenia,1
2527,macrophages,2
2528,maculopapular,1
2529,madagascar,1
2530,made,5
2531,main,18
2532,mainly,4
2533,mainstay,1
2534,maintain,1
2535,maintained,1
2536,maintaining,1
2537,maintenance,2
2538,major,20
2539,majority,6
2540,make,2
2541,makes,2
2542,malaria,1
2543,malawi,1
2544,male,10
2545,males,3
2546,malignancies,4
2547,malignancy,1
2548,manage,2
2549,manageable,1
2550,managed,1
2551,management,19
2552,managing,1
2553,mandates,1
2554,mandatory,1
2555,manifestation,1
2556,manifestations,5
2557,manifests,1
2558,mankind,1
2559,mann,1
2560,manner,1
2561,manual,1
2562,manufacture,1
2563,manufactured,2
2564,manufacturer,1
2565,manufacturing,4
2566,manuscript,1
2567,many,20
2568,map,1
2569,march,6
2570,marginal,3
2571,marked,1
2572,markedly,1
2573,marker,3
2574,markers,10
2575,markov,2
2576,marriageable,1
2577,marrowderived,2
2578,mass,2
2579,massachusetts,1
2580,massive,2
2581,matched,5
2582,matching,1
2583,material,1
2584,materials,7
2585,maternal,10
2586,mathematical,1
2587,matrices,1
2588,matrix,1
2589,matter,2
2590,maturation,3
2591,maximal,1
2592,maximum,1
2593,may,66
2594,mcode,1
2595,mean,20
2596,meaningful,1
2597,means,2
2598,meanwhile,2
2599,measles,1
2600,measure,2
2601,measured,4
2602,measurement,1
2603,measurements,1
2604,measures,11
2605,measuring,2
2606,mechanical,4
2607,mechanism,5
2608,mechanisms,19
2609,media,2
2610,median,11
2611,mediated,2
2612,mediates,1
2613,medica,1
2614,medical,22
2615,medication,5
2616,medications,9
2617,medicinal,3
2618,medicine,7
2619,medicines,1
2620,medium,1
2621,medline,3
2622,meet,1
2623,meeting,1
2624,meld,1
2625,mellitus,1
2626,member,2
2627,members,4
2628,membrane,2
2629,membraneanchored,1
2630,memory,2
2631,men,3
2632,mena,1
2633,menace,1
2634,mental,2
2635,mentions,1
2636,mere,1
2637,meridian,1
2638,merit,1
2639,mers,4
2640,merscov,6
2641,mesenchymal,4
2642,mesh,1
2643,met,5
2644,metaanalysis,11
2645,metagenomic,1
2646,metaregression,1
2647,metazoans,1
2648,method,7
2649,methodical,1
2650,methodological,1
2651,methodology,3
2652,methods,50
2653,methylprednisolone,5
2654,mg,1
2655,mhc,1
2656,mice,9
2657,microangiopathy,1
2658,microbiology,1
2659,microg,2
2660,microl,5
2661,microlisa,1
2662,micromedex,1
2663,microneedle,2
2664,microneedles,2
2665,micronutrients,3
2666,microparticle,1
2667,micrornas,1
2668,microsimulation,1
2669,midaugust,1
2670,middle,5
2671,middleincome,2
2672,middleresponse,1
2673,midst,1
2674,midterm,1
2675,might,14
2676,migration,1
2677,mild,7
2678,mildly,1
2679,mildtomoderate,1
2680,military,1
2681,milk,1
2682,million,15
2683,millions,3
2684,mimicking,1
2685,min,2
2686,minerals,1
2687,minimize,3
2688,minireview,1
2689,ministry,1
2690,minority,2
2691,minus,1
2692,minutes,2
2693,mir,2
2694,mirnas,3
2695,misinterpretation,1
2696,miss,1
2697,missing,1
2698,mistrust,6
2699,mitigate,5
2700,mitigated,1
2701,mitigating,3
2702,mitigation,2
2703,miu,25
2704,mixed,3
2705,mixture,1
2706,ml,43
2707,mm,1
2708,mn,1
2709,mnews,1
2710,mobilized,1
2711,modalities,3
2712,mode,1
2713,model,10
2714,modeled,3
2715,modeling,1
2716,modelling,1
2717,models,3
2718,moderate,8
2719,moderatecertainty,1
2720,modern,1
2721,moderna,8
2722,modernatx,1
2723,modifications,1
2724,modified,1
2725,modulate,1
2726,modulated,1
2727,modulates,1
2728,modulation,2
2729,modulators,2
2730,modules,4
2731,moh,1
2732,molecular,12
2733,molecule,3
2734,molecules,4
2735,moment,1
2736,momentarily,1
2737,monastir,1
2738,monitor,2
2739,monitored,3
2740,monitoring,9
2741,monoclonal,3
2742,monocytes,1
2743,mononuclear,2
2744,monotherapy,7
2745,month,18
2746,monthly,4
2747,months,41
2748,morbidity,13
2749,moreover,9
2750,mortality,35
2751,mostly,2
2752,mother,4
2753,mothers,21
2754,mothertochild,5
2755,mothertochildtransmission,1
2756,mothertoinfant,1
2757,motif,1
2758,motifs,1
2759,moud,5
2760,mouse,6
2761,moved,1
2762,moving,1
2763,mpageb,3
2764,mrna,12
2765,mrnabased,2
2766,msclike,1
2767,mscs,7
2768,mtct,15
2769,much,4
2770,mucolytic,1
2771,mucus,1
2772,mug,17
2773,multicenter,3
2774,multimethods,1
2775,multinational,1
2776,multiorgan,2
2777,multiple,16
2778,multiplechoice,1
2779,multiplelogisticregressionanalysis,1
2780,multitarget,2
2781,multitransfused,2
2782,multivariable,3
2783,multivariableadjusted,2
2784,multivariate,1
2785,mumol,1
2786,must,10
2787,mutation,2
2788,mv,2
2789,myalgia,1
2790,myocardial,2
2791,myriad,3
2792,n,9
2793,nac,7
2794,nacetylcysteine,1
2795,nadir,1
2796,nadirs,1
2797,naive,2
2798,named,4
2799,nanjing,1
2800,nanocapsules,1
2801,nanocarriers,1
2802,nanocomplexation,1
2803,nanocrystals,1
2804,nanomedicines,1
2805,nanoparticleencapsulated,1
2806,nanoparticleformulated,2
2807,nanoparticles,2
2808,nanospheres,1
2809,nanosponges,1
2810,nanostructured,1
2811,nanotechnology,1
2812,nanovaccines,3
2813,nanovesicles,1
2814,narrative,4
2815,narratively,1
2816,narrow,1
2817,nas,16
2818,national,9
2819,nations,2
2820,nationwide,1
2821,natural,9
2822,nature,1
2823,nausea,1
2824,ncov,1
2825,nct,6
2826,nd,3
2827,ndash,2
2828,near,1
2829,nearly,3
2830,necessary,5
2831,necessitating,1
2832,necessity,1
2833,necrosis,2
2834,necrotizing,1
2835,need,21
2836,needed,12
2837,needing,1
2838,needs,4
2839,negativation,1
2840,negative,14
2841,negatively,1
2842,neglected,1
2843,neither,4
2844,neolithic,1
2845,neonatal,2
2846,neonates,1
2847,nervous,1
2848,nested,1
2849,net,2
2850,network,7
2851,networks,1
2852,neurological,2
2853,neuropathy,1
2854,neutralizing,3
2855,nevertheless,2
2856,new,35
2857,newborn,2
2858,newborns,6
2859,newcastleottawa,1
2860,newer,2
2861,newly,2
2862,newness,1
2863,next,2
2864,nextgeneration,1
2865,ng,3
2866,nhl,3
2867,nhs,1
2868,nigella,1
2869,nigeria,2
2870,nine,3
2871,nineteen,1
2872,ninetyone,1
2873,ninetysix,1
2874,ningming,1
2875,nitazoxanide,1
2876,nk,1
2877,nlinked,1
2878,nm,1
2879,nmol,3
2880,nnv,1
2881,node,1
2882,nodes,2
2883,nodosa,4
2884,nonadjuvanted,1
2885,nonallergic,1
2886,nonanaphylaxis,2
2887,nonavailability,1
2888,noncoding,1
2889,noncomplete,2
2890,noncompliance,1
2891,none,3
2892,nonenveloped,1
2893,nonhepatocellular,1
2894,nonhodgkin,1
2895,nonhomogeneous,1
2896,nonindexed,1
2897,noninferior,2
2898,noninferiority,1
2899,noninvasive,2
2900,nonneutralizing,1
2901,nonpharmaceutical,4
2902,nonpregnant,1
2903,nonprotective,3
2904,nonrandomised,2
2905,nonreactive,3
2906,nonresponders,10
2907,nonresponse,2
2908,nonresponsiveness,1
2909,nonrheumatic,3
2910,nonvaccination,3
2911,nonviral,1
2912,nonzero,1
2913,nooks,1
2914,normal,4
2915,normalcy,2
2916,normality,1
2917,north,1
2918,note,1
2919,noted,2
2920,notes,1
2921,notified,2
2922,novavax,1
2923,novel,32
2924,novelty,1
2925,november,2
2926,novo,3
2927,nowadays,1
2928,nr,3
2929,nterminal,1
2930,nuclear,1
2931,nuclei,1
2932,nucleic,4
2933,nucleocapsid,1
2934,nucleocapsids,1
2935,nucleos,4
2936,nucleoside,1
2937,nucleosidemodified,3
2938,nucleot,3
2939,nucleotide,2
2940,nucleotides,1
2941,nucloes,1
2942,number,9
2943,numbers,6
2944,numerical,1
2945,numerous,2
2946,nurse,1
2947,nurseactivated,1
2948,nursedriven,1
2949,nurseled,1
2950,nurseries,1
2951,nurseriesat,1
2952,nursery,5
2953,nurses,2
2954,nursing,5
2955,nutritional,1
2956,nvc,2
2957,ny,1
2958,obesity,3
2959,obi,4
2960,objective,17
2961,objectives,9
2962,observation,3
2963,observational,8
2964,observe,1
2965,observed,18
2966,observerblinded,1
2967,observing,2
2968,obtain,2
2969,obtained,7
2970,obtaining,3
2971,occult,4
2972,occupational,7
2973,occupationrelated,1
2974,occupations,1
2975,occur,3
2976,occurred,3
2977,occurrence,6
2978,occurring,2
2979,occurs,1
2980,october,4
2981,odds,11
2982,offending,1
2983,offer,1
2984,offered,1
2985,offers,4
2986,officials,2
2987,officinale,1
2988,officinalis,1
2989,offlabel,1
2990,often,5
2991,oh,4
2992,oils,1
2993,old,4
2994,older,21
2995,oldest,1
2996,oligonucleotide,1
2997,oligonucleotides,1
2998,oncology,1
2999,one,36
3000,onefifth,1
3001,onefourth,1
3002,ones,2
3003,onethird,1
3004,ongoing,13
3005,online,5
3006,onset,10
3007,ontology,1
3008,ontreatment,1
3009,onward,1
3010,open,1
3011,openlabel,1
3012,opentext,2
3013,operating,2
3014,operation,1
3015,opinion,6
3016,opinions,1
3017,opioid,2
3018,opportunities,1
3019,opportunity,1
3020,optimal,5
3021,optimism,1
3022,optimization,2
3023,optimized,1
3024,option,6
3025,optional,1
3026,options,11
3027,oral,2
3028,order,8
3029,ordering,1
3030,organ,4
3031,organic,1
3032,organisation,1
3033,organization,14
3034,organizations,2
3035,organize,1
3036,organs,5
3037,original,1
3038,originating,1
3039,origins,1
3040,ors,3
3041,oseltamivir,1
3042,others,5
3043,ototoxic,3
3044,ototoxicity,2
3045,outbreak,8
3046,outbreaks,3
3047,outcome,14
3048,outcomes,11
3049,outline,3
3050,outpatient,2
3051,outpatients,1
3052,outprospero,1
3053,output,1
3054,outreach,2
3055,ovarian,2
3056,ovary,1
3057,overall,14
3058,overallvaccinecoverage,1
3059,overcome,2
3060,overview,5
3061,overwhelming,2
3062,ovid,1
3063,oxford,1
3064,oxygen,3
3065,oxygenation,1
3066,oxygenationozonation,1
3067,ozone,10
3068,p,52
3069,pac,3
3070,pace,2
3071,paediatric,1
3072,paid,1
3073,pain,3
3074,paired,1
3075,pairs,2
3076,pairwise,1
3077,panax,1
3078,pancreatic,1
3079,pandemic,62
3080,pandemics,5
3081,panic,1
3082,paniculata,1
3083,papainlike,1
3084,paper,3
3085,papillomavirus,1
3086,parallel,3
3087,parameters,3
3088,paramount,1
3089,parents,8
3090,part,4
3091,partially,1
3092,participant,1
3093,participants,43
3094,participate,3
3095,participated,1
3096,particle,1
3097,particular,7
3098,particularly,6
3099,passage,1
3100,passive,1
3101,passiveactive,1
3102,past,7
3103,patent,1
3104,path,1
3105,pathogen,1
3106,pathogenagnostic,1
3107,pathogenesis,7
3108,pathogenhost,1
3109,pathogenic,1
3110,pathogenicity,1
3111,pathogens,2
3112,pathologic,1
3113,pathological,4
3114,pathologies,1
3115,pathophysiology,2
3116,pathway,6
3117,pathways,3
3118,patient,17
3119,patients,235
3120,pattern,3
3121,patterns,1
3122,pay,4
3123,payer,1
3124,pcdnahbx,1
3125,pcr,4
3126,pcrcovid,1
3127,pde,1
3128,pdsa,1
3129,peak,1
3130,pediatr,1
3131,pediatric,8
3132,pediatricians,1
3133,pediatrics,2
3134,pegifn,7
3135,peginterferonalfa,1
3136,pegylated,4
3137,pennsylvania,1
3138,people,36
3139,peoplebornabroad,1
3140,peptide,1
3141,peptides,1
3142,per,9
3143,perceived,4
3144,percent,1
3145,percentage,5
3146,percentages,2
3147,perception,2
3148,perdose,1
3149,perforatum,1
3150,perform,2
3151,performance,3
3152,performed,17
3153,performing,1
3154,perhaps,1
3155,perinatal,4
3156,perinatally,2
3157,period,12
3158,periods,1
3159,peripartum,6
3160,peripheral,5
3161,peritoneal,1
3162,permanente,1
3163,permeability,1
3164,permit,1
3165,persistence,7
3166,persistent,6
3167,person,3
3168,personal,4
3169,personalized,1
3170,personnel,4
3171,persons,15
3172,perspective,2
3173,perspectives,1
3174,pertinent,2
3175,pfizer,6
3176,pfizerbiontech,10
3177,pg,1
3178,phagedisplay,1
3179,phagocytosis,1
3180,pharma,1
3181,pharmaceuticals,1
3182,pharmacokinetic,2
3183,pharmacological,4
3184,pharmacologically,1
3185,pharmacology,2
3186,pharmacotherapies,1
3187,pharmacovigilance,1
3188,phase,22
3189,phases,5
3190,phenomenon,2
3191,phenotype,1
3192,phenotypic,1
3193,philadelphia,1
3194,phosphate,1
3195,phosphodiesterase,1
3196,phosphoguanine,1
3197,phosphoguanosine,1
3198,phylogenetic,2
3199,physical,3
3200,physicochemical,2
3201,physiological,1
3202,phytochemical,1
3203,picture,2
3204,pile,1
3205,pilot,1
3206,pin,2
3207,pipeline,1
3208,pitfalls,1
3209,pivotal,1
3210,pl,1
3211,pla,3
3212,place,3
3213,placebo,9
3214,placebocontrolled,2
3215,places,1
3216,plan,3
3217,plandostudyact,2
3218,planned,1
3219,plans,1
3220,plant,1
3221,plants,4
3222,plasma,4
3223,platforms,6
3224,plausible,1
3225,play,4
3226,plays,2
3227,pleiotropic,1
3228,plus,2
3229,plwh,8
3230,pma,1
3231,pmc,1
3232,pmol,1
3233,pneumocystis,1
3234,pneumonia,9
3235,point,4
3236,pointes,1
3237,points,6
3238,policies,1
3239,policy,1
3240,political,5
3241,polyarteritis,3
3242,polyarthralgia,1
3243,polyarthritis,1
3244,polylactic,1
3245,polymerase,4
3246,polyphenols,2
3247,polyvinyl,1
3248,polyvinylpyrrolidone,1
3249,pooled,17
3250,pooling,1
3251,poor,10
3252,poorer,3
3253,poorest,1
3254,poorly,4
3255,population,25
3256,populations,15
3257,portable,1
3258,portal,1
3259,portion,1
3260,pose,1
3261,posed,1
3262,poses,2
3263,positioned,1
3264,positive,33
3265,positivity,10
3266,possess,1
3267,possessed,1
3268,possessing,1
3269,possibilities,1
3270,possibility,3
3271,possible,22
3272,possibly,3
3273,post,2
3274,postinjection,1
3275,postintervention,1
3276,postlicensure,4
3277,postmarketing,1
3278,postoperative,1
3279,postpartum,2
3280,postvaccination,3
3281,potency,2
3282,potent,4
3283,potential,38
3284,potentiality,1
3285,potentially,8
3286,powerful,2
3287,ppi,3
3288,ppis,1
3289,practical,1
3290,practice,2
3291,practices,9
3292,pre,2
3293,prec,6
3294,precautions,4
3295,preclinical,7
3296,precore,4
3297,precorerelated,1
3298,predict,4
3299,predicted,1
3300,predicting,2
3301,prediction,1
3302,predictive,2
3303,predictor,1
3304,predictors,10
3305,predischarge,1
3306,predominant,1
3307,predominantly,1
3308,preexisting,6
3309,preexposure,1
3310,preferably,1
3311,preference,4
3312,preferential,1
3313,preferred,4
3314,prefusion,3
3315,pregnancy,9
3316,pregnant,9
3317,prelicensure,1
3318,premises,1
3319,prep,1
3320,prepandemic,1
3321,preparation,1
3322,prepare,2
3323,prepared,3
3324,preparedness,1
3325,preparing,1
3326,preprint,2
3327,preregistered,1
3328,pres,3
3329,prescribed,1
3330,prescribers,1
3331,prescribing,3
3332,presence,6
3333,presensitization,1
3334,present,19
3335,presented,5
3336,presenting,1
3337,presently,2
3338,presents,2
3339,preserve,1
3340,press,1
3341,pressing,1
3342,pressure,4
3343,presumably,1
3344,presymptomatic,1
3345,prevaccination,1
3346,prevalence,10
3347,prevalent,4
3348,prevent,24
3349,preventable,1
3350,preventative,2
3351,prevented,1
3352,preventing,7
3353,prevention,32
3354,preventive,4
3355,previous,20
3356,previously,8
3357,price,1
3358,prices,1
3359,pricing,1
3360,primary,33
3361,primates,1
3362,principal,2
3363,print,1
3364,prior,15
3365,prioritize,1
3366,prioritized,3
3367,prioritizing,3
3368,priority,2
3369,private,1
3370,pro,2
3371,proactively,1
3372,proapoptotic,1
3373,probabilistic,1
3374,probability,6
3375,probable,1
3376,probably,3
3377,problem,6
3378,problems,7
3379,proceeding,1
3380,process,6
3381,processed,1
3382,processes,5
3383,processing,1
3384,produce,4
3385,produced,7
3386,producibility,1
3387,producing,1
3388,product,5
3389,production,2
3390,products,7
3391,professional,5
3392,professionals,5
3393,profile,13
3394,profiles,7
3395,proforma,3
3396,profoundly,1
3397,progenitors,1
3398,prognosis,1
3399,prognostic,1
3400,program,4
3401,programmatically,1
3402,programme,1
3403,programmes,4
3404,programs,4
3405,progress,11
3406,progressed,1
3407,progressing,3
3408,progression,14
3409,progressive,3
3410,proinflammatory,5
3411,project,1
3412,projects,1
3413,proliferating,1
3414,prolongation,3
3415,prolonged,2
3416,prominent,1
3417,promise,2
3418,promising,15
3419,promote,3
3420,promoted,2
3421,promotes,2
3422,promotion,1
3423,prompted,1
3424,pronounced,1
3425,propagation,1
3426,propensity,3
3427,proper,1
3428,properly,1
3429,properties,7
3430,property,4
3431,prophylactic,4
3432,prophylactics,1
3433,prophylaxis,23
3434,propolis,1
3435,proportion,15
3436,proportions,1
3437,propose,2
3438,proposed,8
3439,pros,1
3440,prospective,5
3441,prospectively,1
3442,prospero,2
3443,protease,2
3444,protect,6
3445,protected,1
3446,protecting,2
3447,protection,22
3448,protective,21
3449,protein,12
3450,proteinbased,2
3451,proteinprotein,2
3452,proteins,9
3453,proteinuria,1
3454,proteolytic,1
3455,proteomics,1
3456,prothrombin,2
3457,protocol,9
3458,protocols,4
3459,prototype,1
3460,proved,3
3461,proven,2
3462,proves,1
3463,provide,16
3464,provided,4
3465,provider,3
3466,providers,8
3467,provides,8
3468,providing,6
3469,provinces,2
3470,provoked,1
3471,proximal,1
3472,public,28
3473,publications,2
3474,publics,1
3475,published,17
3476,pubmed,9
3477,pulmonary,2
3478,punctured,1
3479,purpose,7
3480,purposed,1
3481,purposes,1
3482,purposive,1
3483,pursuing,1
3484,pushed,1
3485,put,2
3486,putative,1
3487,puts,1
3488,pva,2
3489,pvalue,1
3490,pvp,2
3491,pwid,5
3492,py,3
3493,pyrexia,1
3494,qalys,2
3495,qing,1
3496,qt,3
3497,qtdrugs,1
3498,qtprolongation,2
3499,qualification,2
3500,qualified,3
3501,qualify,1
3502,qualitative,1
3503,quality,6
3504,qualityadjusted,1
3505,quantification,3
3506,quantified,2
3507,quantify,2
3508,quantitative,4
3509,quarantine,1
3510,quarantines,1
3511,quarter,1
3512,questionnaire,2
3513,questions,3
3514,quetiapine,2
3515,quickly,1
3516,quite,3
3517,quo,1
3518,r,22
3519,race,2
3520,raced,1
3521,racing,1
3522,racism,1
3523,radicalscavenging,1
3524,radiological,2
3525,radiologists,2
3526,raised,1
3527,raises,1
3528,raising,1
3529,random,3
3530,randomeffects,1
3531,randomised,4
3532,randomization,1
3533,randomized,15
3534,randomly,4
3535,range,8
3536,ranged,4
3537,ranging,4
3538,rapid,17
3539,rapidly,6
3540,rare,2
3541,rarely,5
3542,ras,1
3543,rash,1
3544,rate,49
3545,rates,35
3546,rather,2
3547,ratio,9
3548,rational,1
3549,rationale,1
3550,ratios,7
3551,ravaging,1
3552,raw,1
3553,rct,1
3554,rcts,8
3555,rdrp,1
3556,rdv,1
3557,reach,1
3558,reached,2
3559,reaching,1
3560,reaction,5
3561,reactions,11
3562,reactivated,1
3563,reactivates,1
3564,reactivation,19
3565,reactive,3
3566,reactogenicities,1
3567,reactogenicity,1
3568,readers,1
3569,ready,1
3570,realistic,1
3571,realistically,1
3572,reason,6
3573,reasons,2
3574,reassuring,4
3575,recall,2
3576,receipt,6
3577,receive,9
3578,received,26
3579,receiver,2
3580,receives,2
3581,receiving,20
3582,recent,18
3583,recently,9
3584,receptor,5
3585,receptormediated,1
3586,receptors,1
3587,receptort,1
3588,recipient,2
3589,recipients,7
3590,recognition,2
3591,recombinant,13
3592,recombivaxhb,3
3593,recommend,4
3594,recommendation,13
3595,recommendations,13
3596,recommended,17
3597,recommends,3
3598,record,2
3599,recorded,1
3600,records,2
3601,recovered,5
3602,recovery,3
3603,recruit,1
3604,recruited,4
3605,recurrence,8
3606,recurrencefree,1
3607,redouble,1
3608,reduce,12
3609,reduced,12
3610,reduces,2
3611,reducing,6
3612,reduction,13
3613,reengage,1
3614,reference,7
3615,references,1
3616,referred,2
3617,referring,1
3618,refined,1
3619,reflect,1
3620,reflecting,3
3621,reflection,1
3622,refractoriness,1
3623,refractory,2
3624,refusal,4
3625,regard,2
3626,regarded,2
3627,regarding,14
3628,regardless,3
3629,regenerationrelated,1
3630,regenerative,1
3631,regimen,7
3632,regimens,7
3633,region,2
3634,regional,2
3635,regions,5
3636,regionspecific,1
3637,register,1
3638,registered,4
3639,registration,3
3640,registry,3
3641,regression,10
3642,regularly,1
3643,regulate,1
3644,regulated,1
3645,regulating,1
3646,regulation,1
3647,regulatory,5
3648,reinfected,1
3649,reinfection,2
3650,reinforce,1
3651,reinforcing,2
3652,reject,2
3653,relapsed,1
3654,related,22
3655,relates,1
3656,relation,2
3657,relationship,2
3658,relationships,2
3659,relative,9
3660,relatively,3
3661,release,10
3662,released,2
3663,releases,2
3664,releasing,1
3665,relevance,2
3666,relevant,6
3667,relied,1
3668,relief,1
3669,relieve,2
3670,relieves,1
3671,reluctant,1
3672,rely,2
3673,remain,2
3674,remained,4
3675,remaining,1
3676,remains,13
3677,remarkable,2
3678,remarkably,2
3679,remdesivir,14
3680,remedial,1
3681,reminiscent,1
3682,remission,1
3683,remittingrecurrent,1
3684,removal,1
3685,removed,1
3686,renal,7
3687,reninangiotensin,1
3688,repair,1
3689,repairing,1
3690,repairs,1
3691,reperfusion,1
3692,replication,13
3693,report,8
3694,reported,35
3695,reporting,6
3696,reports,7
3697,repositioned,1
3698,repositioning,2
3699,represent,3
3700,representing,1
3701,represents,5
3702,repression,1
3703,reproductive,1
3704,repurposing,3
3705,require,4
3706,required,11
3707,requirement,1
3708,requirements,1
3709,requires,6
3710,requiring,1
3711,research,17
3712,researchers,6
3713,researches,1
3714,resection,1
3715,reservoir,1
3716,residence,2
3717,residents,2
3718,resistance,4
3719,resolution,1
3720,resolve,1
3721,resolved,6
3722,resourcelimited,1
3723,resources,5
3724,respect,1
3725,respective,1
3726,respectively,23
3727,respiration,1
3728,respiratory,46
3729,respond,1
3730,responded,2
3731,respondents,2
3732,responders,4
3733,response,61
3734,responses,20
3735,responsible,4
3736,responsiveness,2
3737,rest,1
3738,restoration,1
3739,restore,2
3740,restriction,2
3741,result,13
3742,resulted,13
3743,resulting,6
3744,results,78
3745,retaining,1
3746,retention,2
3747,retested,1
3748,retinopathy,1
3749,retrieved,2
3750,retrospective,5
3751,retrospectively,5
3752,return,3
3753,revaccinate,1
3754,revaccination,5
3755,revealed,8
3756,reveals,3
3757,reversal,1
3758,reverse,3
3759,reversetranscribed,1
3760,review,80
3761,reviewed,7
3762,reviewers,2
3763,reviewing,1
3764,reviews,7
3765,revised,1
3766,rhbcag,1
3767,rhbsag,2
3768,rheumatic,9
3769,rhythm,1
3770,ribavirin,3
3771,rigorously,1
3772,rise,2
3773,rising,2
3774,risk,74
3775,riskbenefit,1
3776,riskofbias,1
3777,risks,7
3778,risperidone,1
3779,ritonavir,8
3780,rituximab,1
3781,rna,11
3782,rnabased,1
3783,rnadependent,1
3784,rnas,3
3785,robust,4
3786,robustness,1
3787,role,18
3788,roles,5
3789,rollout,4
3790,room,1
3791,roots,1
3792,route,3
3793,routes,3
3794,routine,6
3795,routinely,1
3796,rr,15
3797,rrr,3
3798,rrs,2
3799,rtmi,1
3800,rtpcr,3
3801,rtx,2
3802,run,1
3803,rural,1
3804,russia,1
3805,rzv,5
3806,safe,19
3807,safely,1
3808,safety,67
3809,sage,2
3810,saline,1
3811,sample,2
3812,sampled,1
3813,samples,8
3814,sampling,2
3815,sardinia,1
3816,sars,8
3817,sarscov,107
3818,sarscovii,1
3819,sarsrelated,1
3820,sativa,1
3821,sativum,2
3822,save,3
3823,saved,1
3824,saving,1
3825,savings,1
3826,sc,7
3827,scale,3
3828,scalefree,1
3829,scaleup,1
3830,scaling,4
3831,scarce,2
3832,scarcity,1
3833,scenario,5
3834,scenarios,3
3835,schedule,4
3836,schedules,1
3837,scholar,3
3838,scibvac,2
3839,science,4
3840,sciences,1
3841,scientific,13
3842,scientists,3
3843,scoping,1
3844,scopus,7
3845,score,4
3846,scorematched,2
3847,scores,1
3848,screened,7
3849,screening,13
3850,scutellaria,1
3851,sd,3
3852,se,3
3853,search,14
3854,searched,7
3855,searches,2
3856,searching,1
3857,seasonal,1
3858,second,7
3859,secondary,13
3860,secondgeneration,1
3861,secretary,1
3862,secreting,1
3863,secretion,2
3864,secretome,5
3865,secretory,1
3866,section,2
3867,sections,1
3868,sector,2
3869,sectors,1
3870,secure,1
3871,security,1
3872,seeking,4
3873,seems,6
3874,seen,2
3875,seir,1
3876,select,3
3877,selected,4
3878,selection,4
3879,selective,1
3880,selects,1
3881,selenium,1
3882,selfadministered,1
3883,selfassembly,2
3884,selflimiting,1
3885,selfprotection,1
3886,selfreport,1
3887,selfreported,1
3888,semistructured,1
3889,sense,2
3890,sensitive,1
3891,sensitivity,7
3892,sensitize,1
3893,separate,1
3894,separated,1
3895,separately,2
3896,sepsis,3
3897,septic,1
3898,sequalae,1
3899,sequelae,2
3900,sequence,2
3901,sequences,1
3902,sequencing,2
3903,sequential,1
3904,sequentially,1
3905,series,17
3906,serine,1
3907,serious,16
3908,seriously,1
3909,seroclearance,2
3910,seroconversion,11
3911,seroconvert,1
3912,seroconverted,2
3913,serologic,5
3914,serological,8
3915,serologies,2
3916,serology,3
3917,serologybased,1
3918,seronegative,3
3919,seropositive,5
3920,seropositivity,4
3921,seroprotection,18
3922,seroprotective,2
3923,seroreversion,1
3924,serostatus,4
3925,sertoluzimab,2
3926,serum,21
3927,serve,2
3928,servers,1
3929,service,5
3930,services,5
3931,serving,1
3932,set,3
3933,sets,2
3934,setting,9
3935,settings,6
3936,setup,1
3937,seven,2
3938,several,28
3939,severe,69
3940,severely,3
3941,severity,10
3942,sex,8
3943,sexual,1
3944,shall,1
3945,shape,1
3946,shared,4
3947,shares,2
3948,shed,1
3949,shock,1
3950,short,7
3951,shorten,1
3952,shortening,1
3953,shorter,2
3954,shortterm,6
3955,shot,3
3956,shots,3
3957,show,7
3958,showed,15
3959,showing,5
3960,shown,15
3961,shows,6
3962,sickness,1
3963,side,15
3964,sided,1
3965,sierra,1
3966,sign,3
3967,signal,1
3968,signaling,2
3969,signalling,3
3970,signals,1
3971,significance,1
3972,significant,25
3973,significantly,44
3974,signs,7
3975,silac,1
3976,silencing,1
3977,silvestrol,1
3978,similar,11
3979,similarities,1
3980,similarity,2
3981,similarly,2
3982,simplified,4
3983,simulate,1
3984,simulated,2
3985,simulation,2
3986,simulations,2
3987,simultaneous,1
3988,simultaneously,1
3989,since,17
3990,sinensis,2
3991,single,5
3992,singleantigen,2
3993,singlearm,2
3994,singleblind,1
3995,singlestranded,1
3996,singularly,1
3997,sinopharm,2
3998,sinovac,1
3999,site,4
4000,sites,2
4001,situation,2
4002,situations,1
4003,six,6
4004,size,3
4005,skepticism,1
4006,skin,20
4007,slightly,1
4008,slow,4
4009,slowly,1
4010,small,5
4011,smallmolecule,1
4012,smallpox,1
4013,sobering,1
4014,social,8
4015,socialcultural,1
4016,societal,2
4017,societies,1
4018,society,2
4019,sociodemographic,1
4020,socioeconomic,4
4021,sofosbuvir,2
4022,solid,4
4023,solutions,1
4024,sometimes,2
4025,somewhat,1
4026,sonography,1
4027,soon,6
4028,sorted,1
4029,sot,3
4030,sotetsuflavone,1
4031,sought,3
4032,source,1
4033,sources,7
4034,south,5
4035,southeast,1
4036,southern,1
4037,soybean,1
4038,sparse,1
4039,speaking,1
4040,special,5
4041,specialised,1
4042,specialized,2
4043,specialties,1
4044,species,1
4045,specific,20
4046,specifically,5
4047,specificity,5
4048,specifics,1
4049,specimens,1
4050,speed,9
4051,speeds,1
4052,spending,1
4053,spice,1
4054,spike,9
4055,spite,2
4056,spleens,1
4057,spleensystems,1
4058,splenectomy,1
4059,splenic,2
4060,splenomegaly,1
4061,spontaneous,1
4062,spp,3
4063,spr,10
4064,spread,19
4065,spreads,1
4066,sprs,1
4067,spss,2
4068,ssa,3
4069,st,3
4070,stability,3
4071,stabilityputting,1
4072,stabilized,2
4073,stable,2
4074,staff,1
4075,stage,6
4076,stages,3
4077,stakeholder,1
4078,stance,1
4079,standard,16
4080,standarderythema,1
4081,standardised,1
4082,start,2
4083,started,1
4084,starting,4
4085,state,6
4086,stated,2
4087,statement,1
4088,states,11
4089,statespecific,1
4090,statistic,1
4091,statistical,5
4092,statistically,5
4093,status,14
4094,stay,4
4095,steadily,1
4096,stem,13
4097,step,2
4098,steroids,1
4099,still,16
4100,stimulate,1
4101,stimulated,2
4102,stimulating,2
4103,stimulation,1
4104,stitching,1
4105,stomach,7
4106,stop,3
4107,stopping,2
4108,storage,1
4109,stored,1
4110,storm,14
4111,storms,1
4112,strains,4
4113,strategies,34
4114,strategy,17
4115,stratification,2
4116,stratified,3
4117,strength,2
4118,strengthen,1
4119,strong,8
4120,stronger,1
4121,strongly,3
4122,structure,3
4123,structured,1
4124,structures,3
4125,students,7
4126,studied,10
4127,studies,80
4128,study,109
4129,subclass,1
4130,subclinical,1
4131,subcutaneous,1
4132,subdetection,1
4133,subgenotype,1
4134,subgenus,1
4135,subgroups,1
4136,subject,2
4137,subjected,1
4138,subjects,17
4139,submitted,1
4140,subsaharan,1
4141,subsequent,3
4142,subsequently,2
4143,subset,2
4144,subsets,2
4145,substances,4
4146,substantial,5
4147,substantially,2
4148,substitute,1
4149,subunit,1
4150,success,7
4151,successes,1
4152,successful,8
4153,successfully,5
4154,sudan,1
4155,suffer,1
4156,suffering,1
4157,sufficiency,2
4158,sufficient,2
4159,suggest,12
4160,suggested,7
4161,suggesting,4
4162,suggestion,2
4163,suggestions,1
4164,suggestive,2
4165,suggests,11
4166,suitable,6
4167,suited,1
4168,sumac,5
4169,summarised,1
4170,summarises,1
4171,summarize,6
4172,summarized,5
4173,summarizes,4
4174,summarizing,4
4175,summary,5
4176,summer,1
4177,sunlight,2
4178,superior,3
4179,supervising,1
4180,supervision,1
4181,supplementation,3
4182,supplies,3
4183,supply,3
4184,supplyside,1
4185,support,10
4186,supported,2
4187,supporting,1
4188,supportive,8
4189,supports,2
4190,suppress,3
4191,suppresses,1
4192,suppression,6
4193,surface,32
4194,surgical,1
4195,surrounding,2
4196,surveillance,4
4197,survey,16
4198,surveyed,2
4199,surveys,4
4200,survival,7
4201,survivors,5
4202,susceptibility,2
4203,susceptible,3
4204,sustain,1
4205,sustainable,1
4206,sustained,3
4207,svr,2
4208,switch,1
4209,switched,1
4210,switchto,2
4211,switzerland,1
4212,symptom,1
4213,symptomatic,1
4214,symptoms,18
4215,syncope,1
4216,syncytial,2
4217,syndrome,38
4218,syndromecoronavirus,1
4219,syndromes,1
4220,syndromic,1
4221,synergic,1
4222,synthesis,1
4223,synthesize,1
4224,synthetic,1
4225,system,19
4226,systematic,12
4227,systematically,3
4228,systemic,8
4229,systems,5
4230,tablet,1
4231,tackle,1
4232,taf,7
4233,tail,1
4234,tailor,1
4235,tailored,2
4236,take,8
4237,takeaways,1
4238,taken,3
4239,taking,4
4240,tale,1
4241,tannins,1
4242,tanzania,1
4243,target,11
4244,targeted,7
4245,targeting,5
4246,targets,14
4247,targetspecific,1
4248,taskforce,1
4249,tav,4
4250,tcell,1
4251,tcm,2
4252,tcmherbmeridian,1
4253,td,1
4254,tdf,14
4255,tdp,3
4256,tea,1
4257,team,1
4258,technical,1
4259,technicians,1
4260,technique,3
4261,techniques,4
4262,technological,2
4263,technologies,2
4264,technology,3
4265,telbivudine,4
4266,telephone,1
4267,template,1
4268,ten,3
4269,tends,1
4270,tenet,1
4271,tenofovir,21
4272,tens,2
4273,term,1
4274,termed,1
4275,termini,1
4276,terms,5
4277,terpenoids,1
4278,territories,1
4279,tertiary,2
4280,tertiarycenters,1
4281,test,7
4282,tested,13
4283,testing,21
4284,tests,5
4285,th,2
4286,thalassemia,1
4287,thanks,1
4288,theatre,1
4289,themes,2
4290,theoretical,2
4291,therapeutic,33
4292,therapeutics,8
4293,therapies,27
4294,therapy,68
4295,therapyareas,1
4296,thereby,2
4297,therefore,10
4298,third,4
4299,thirdgeneration,3
4300,thirteen,3
4301,thirty,1
4302,thirtyfour,1
4303,thorough,1
4304,thoroughly,2
4305,though,6
4306,threat,6
4307,threatening,1
4308,threatens,1
4309,three,30
4310,threedose,4
4311,thresholds,1
4312,thrombocytes,1
4313,thromboembolic,1
4314,thromboembolism,1
4315,thrombosis,3
4316,thrombotic,1
4317,throughout,6
4318,thus,9
4319,thymus,1
4320,tight,1
4321,tightly,1
4322,till,1
4323,time,35
4324,timeline,1
4325,timeliness,2
4326,timely,3
4327,times,6
4328,timing,3
4329,tinnitus,1
4330,tips,4
4331,tissue,5
4332,tissues,2
4333,titer,11
4334,titers,13
4335,titles,1
4336,titre,2
4337,titres,4
4338,tlr,1
4339,tn,4
4340,tnf,1
4341,tnfalpha,1
4342,tocilizumab,17
4343,together,6
4344,tolerance,1
4345,tolerated,3
4346,toll,1
4347,tolls,1
4348,took,1
4349,tool,1
4350,tools,2
4351,topic,2
4352,topological,1
4353,torsade,1
4354,total,15
4355,touted,1
4356,tovg,1
4357,toward,2
4358,towards,6
4359,toxic,1
4360,toxicity,1
4361,track,2
4362,tracking,1
4363,tract,3
4364,traditional,4
4365,traditionally,2
4366,tragic,1
4367,trainees,2
4368,training,4
4369,transaminase,2
4370,transcription,2
4371,transcriptional,1
4372,transfected,1
4373,transfer,2
4374,transferred,1
4375,transient,1
4376,translate,1
4377,translated,1
4378,translational,1
4379,transmembrane,1
4380,transmission,25
4381,transmitted,2
4382,transparent,1
4383,transplant,4
4384,transplantation,5
4385,transplanted,2
4386,travelers,2
4387,treat,16
4388,treatb,4
4389,treated,26
4390,treating,10
4391,treatment,167
4392,treatmentnaive,2
4393,treatments,16
4394,tremendous,2
4395,trend,1
4396,trial,26
4397,trials,55
4398,triantigenic,1
4399,tries,1
4400,trillions,1
4401,trimester,1
4402,triumphs,1
4403,trivial,1
4404,trojan,1
4405,trust,3
4406,trusted,2
4407,ttest,2
4408,tuberculosis,2
4409,tubular,1
4410,tumor,1
4411,tumors,1
4412,tumours,1
4413,turn,1
4414,twelve,1
4415,twenty,2
4416,twentyfive,2
4417,twentyone,2
4418,twentythree,1
4419,two,32
4420,twodose,6
4421,type,4
4422,types,6
4423,typhoid,1
4424,typically,1
4425,tyrosine,1
4426,u,2
4427,uganda,3
4428,ugandan,1
4429,uk,1
4430,ul,1
4431,ulcers,1
4432,ultimately,1
4433,unanticipated,1
4434,unavailability,1
4435,uncertainty,3
4436,unclear,2
4437,uncommon,1
4438,uncontrollable,1
4439,uncontrolled,1
4440,undergoing,7
4441,underlying,8
4442,underpinning,1
4443,understand,4
4444,understandable,1
4445,understanding,13
4446,understood,5
4447,understudied,1
4448,undertake,1
4449,undertaken,2
4450,undertaking,1
4451,underway,2
4452,underwent,5
4453,undetectable,3
4454,unethical,1
4455,unfeasible,1
4456,unfolding,1
4457,unfolds,1
4458,uniformed,1
4459,uniformity,1
4460,unilateral,4
4461,unimmunized,1
4462,unique,3
4463,unit,1
4464,united,11
4465,univariable,1
4466,universal,7
4467,university,7
4468,unknown,7
4469,unless,1
4470,unlike,1
4471,unlikely,2
4472,unmanageable,1
4473,unnecessary,1
4474,unparalleled,2
4475,unprecedented,5
4476,unpredictable,1
4477,unrelated,1
4478,unrelenting,1
4479,unresolved,2
4480,unsettled,1
4481,unsure,1
4482,untoward,1
4483,untreated,2
4484,unvaccinated,3
4485,unwilling,1
4486,update,3
4487,updated,8
4488,updating,1
4489,upon,2
4490,upper,2
4491,upregulated,1
4492,uptake,16
4493,uptodate,1
4494,urgent,11
4495,urgently,7
4496,urticaria,1
4497,urticarial,1
4498,us,16
4499,usa,3
4500,usage,3
4501,usd,3
4502,use,55
4503,used,60
4504,useful,10
4505,usefulness,1
4506,usfda,3
4507,using,42
4508,usually,4
4509,utility,2
4510,utilization,2
4511,utilize,1
4512,utilized,3
4513,utilizing,1
4514,uv,1
4515,vaccinate,1
4516,vaccinated,16
4517,vaccination,135
4518,vaccinationrate,1
4519,vaccinationrelated,1
4520,vaccinations,6
4521,vaccinationspecific,1
4522,vaccine,323
4523,vaccineassociated,1
4524,vaccineboosted,1
4525,vaccinecoverage,1
4526,vaccinehesitant,1
4527,vaccineinduced,3
4528,vaccinepreventable,1
4529,vaccines,110
4530,vaccinology,2
4531,vaers,1
4532,vaginal,1
4533,vah,2
4534,validate,2
4535,validated,1
4536,validation,3
4537,valuable,1
4538,valuation,2
4539,valued,1
4540,values,5
4541,variability,1
4542,variable,3
4543,variables,4
4544,variants,3
4545,varied,3
4546,variety,7
4547,various,7
4548,vary,3
4549,varying,1
4550,vascular,2
4551,vasculitis,3
4552,vasodilator,2
4553,vc,3
4554,vector,1
4555,vectors,2
4556,vehicles,1
4557,venous,2
4558,ventilation,6
4559,ventilator,1
4560,verified,1
4561,verify,4
4562,version,2
4563,versus,6
4564,vertebrate,1
4565,vertical,2
4566,vertigo,2
4567,vesicles,1
4568,vesicular,1
4569,vestibulotoxicity,1
4570,via,4
4571,viability,1
4572,vietnam,6
4573,view,2
4574,viewpoint,1
4575,views,1
4576,vintage,1
4577,viraemic,1
4578,viral,58
4579,viralvectorbased,1
4580,viremia,5
4581,virions,1
4582,virologic,3
4583,virological,1
4584,virology,1
4585,virtual,1
4586,virulence,1
4587,virus,116
4588,viruses,9
4589,virushost,1
4590,viruslikeparticlebased,1
4591,virusrelated,1
4592,visited,1
4593,visits,1
4594,vital,5
4595,vitamin,11
4596,vitamins,1
4597,vitro,6
4598,vivo,4
4599,viz,1
4600,voice,1
4601,volunteers,3
4602,vqr,3
4603,vs,22
4604,vulgaris,1
4605,vulnerable,2
4606,vzv,1
4607,wait,1
4608,wanfang,1
4609,waning,1
4610,war,1
4611,warn,1
4612,warned,1
4613,warning,1
4614,warp,1
4615,warranted,2
4616,wave,1
4617,way,6
4618,ways,4
4619,wealth,1
4620,web,3
4621,website,1
4622,week,2
4623,weeks,12
4624,weighing,1
4625,weight,4
4626,well,28
4627,welldesigned,1
4628,welltolerated,1
4629,wen,1
4630,west,3
4631,western,1
4632,whatever,1
4633,whereas,5
4634,whether,10
4635,whilst,1
4636,white,2
4637,whitney,1
4638,whoever,1
4639,whole,2
4640,whos,1
4641,whose,3
4642,wide,1
4643,widely,8
4644,widening,1
4645,widespread,4
4646,willing,4
4647,willingness,3
4648,willingnesstopay,1
4649,windows,1
4650,winter,2
4651,wintertime,1
4652,wish,1
4653,withholding,1
4654,within,24
4655,without,19
4656,women,17
4657,word,1
4658,words,1
4659,work,6
4660,worked,1
4661,workers,6
4662,workflow,2
4663,working,3
4664,workload,2
4665,workplace,2
4666,world,28
4667,worlds,2
4668,worldwide,27
4669,worse,1
4670,worsening,3
4671,worthy,1
4672,would,12
4673,wreaked,1
4674,writing,1
4675,wtp,9
4676,wuhan,6
4677,wwwclinicaltrialsgov,1
4678,x,3
4679,year,10
4680,yearold,1
4681,years,63
4682,yen,1
4683,yenimahalle,1
4684,yes,2
4685,yet,6
4686,yongin,1
4687,young,6
4688,younger,5
4689,zero,1
4690,zhuang,1
4691,zika,1
4692,zinc,2
4693,zingiber,1
4694,zone,1
4695,zoonotic,1
4696,zoster,2
