,keys
0,abatacept
1,abbreviations
2,ability
3,able
4,abnormal
5,abroad
6,absence
7,absolute
8,abstracts
9,abundant
10,academia
11,academic
12,academy
13,accelerate
14,accelerated
15,accelerating
16,accept
17,acceptability
18,acceptable
19,acceptance
20,accepted
21,accepting
22,access
23,accessibility
24,accompanied
25,accomplish
26,accordance
27,according
28,account
29,accounts
30,accruing
31,accuracy
32,ace
33,aceexpressiondisordercaused
34,achieve
35,achieved
36,achievement
37,achievements
38,achieving
39,acid
40,acids
41,acip
42,acips
43,acquire
44,acquired
45,acquiring
46,acquisition
47,across
48,act
49,action
50,actions
51,activate
52,activation
53,active
54,activities
55,activitiesimportance
56,activity
57,acute
58,acutechronic
59,adaptive
60,added
61,addition
62,additional
63,additionally
64,addon
65,address
66,addressed
67,addresses
68,addressing
69,ade
70,adefovir
71,adenopathy
72,adenosine
73,adequate
74,adequately
75,adherence
76,adiposederived
77,adjunct
78,adjust
79,adjusted
80,adjusting
81,adjuvant
82,adjuvanted
83,administer
84,administered
85,administering
86,administration
87,administrationin
88,administrations
89,administrative
90,administrators
91,admission
92,admitted
93,adolescent
94,adolescents
95,adopted
96,adoptive
97,adult
98,adulthood
99,adults
100,advanced
101,advancements
102,advances
103,advantage
104,advantages
105,adverse
106,advice
107,advised
108,advisory
109,advocacy
110,advocate
111,ae
112,aes
113,affect
114,affected
115,affecting
116,affiliated
117,afflicted
118,afflicts
119,affordable
120,aforementioned
121,africa
122,african
123,afucosylated
124,age
125,aged
126,ageing
127,agematched
128,agency
129,agent
130,agents
131,ages
132,agespecific
133,agestructured
134,aggressive
135,agiho
136,agitation
137,ago
138,agree
139,agreed
140,ahbv
141,ahead
142,aid
143,aim
144,aimed
145,aiming
146,aims
147,air
148,airway
149,alafenamide
150,alanine
151,alappuzha
152,albumin
153,alcohol
154,alfaa
155,alfab
156,alike
157,alkaloid
158,allergic
159,allergies
160,allium
161,allocate
162,allocated
163,allocating
164,allocation
165,allogeneic
166,allohsct
167,allow
168,allowed
169,allowing
170,allows
171,almost
172,alone
173,along
174,alpha
175,alphaexpert
176,already
177,also
178,alt
179,alterations
180,alterative
181,altered
182,alternative
183,althea
184,although
185,alumadjuvanted
186,aluminum
187,alveolar
188,always
189,ambitious
190,ameliorate
191,america
192,american
193,americans
194,ami
195,amild
196,amino
197,aminotransferase
198,aminotransferases
199,aml
200,among
201,amongst
202,amount
203,amounted
204,amplifies
205,amplifying
206,anakinra
207,analog
208,analogs
209,analogues
210,analysed
211,analyses
212,analysis
213,analytical
214,analyze
215,analyzed
216,analyzing
217,anamnestic
218,anaphylaxis
219,ancient
220,andrographis
221,anemia
222,angeles
223,angiogenesis
224,angiotensin
225,angiotensinconverting
226,animal
227,animals
228,ankara
229,ann
230,announced
231,announcing
232,annual
233,annually
234,anonymously
235,another
236,answers
237,antagonist
238,antagonists
239,antenatal
240,antiapoptotic
241,antibacterial
242,antibodies
243,antibody
244,antibodybased
245,antibodydependent
246,anticancer
247,anticccdna
248,anticd
249,anticipating
250,anticoronavirus
251,anticovid
252,antiepidemic
253,antifibrogenic
254,antifibrotic
255,antifungal
256,antigen
257,antigenemia
258,antigenic
259,antigenpositive
260,antigens
261,antiglycoprotein
262,antihbc
263,antihbcpositive
264,antihbs
265,antihbsenriched
266,antihbv
267,antihemolytic
268,antihepatitisb
269,antiinflammatory
270,antiliver
271,antimalarial
272,antimalarials
273,antimicrobial
274,antioxidant
275,antiparasite
276,antiplatelet
277,antiproliferative
278,antipsychotics
279,antiretroviral
280,antirheumatic
281,antithrombotic
282,antitnf
283,antitumor
284,antiviral
285,antivirals
286,antivirus
287,anxiety
288,anytime
289,aor
290,aors
291,apart
292,apes
293,aplastic
294,apobecs
295,appear
296,appearance
297,appears
298,applicability
299,application
300,applications
301,applied
302,apply
303,appraise
304,appraises
305,appreciated
306,approach
307,approaches
308,appropriate
309,approval
310,approvals
311,approve
312,approved
313,approximately
314,april
315,ar
316,arab
317,ards
318,area
319,areahypothesis
320,areaofbirth
321,areas
322,areasaim
323,arise
324,arisen
325,arising
326,around
327,arr
328,array
329,arrhythmia
330,arsenal
331,art
332,arterial
333,arthritis
334,article
335,articles
336,ascs
337,asct
338,aseptically
339,asia
340,asian
341,asixmonthsperiod
342,asked
343,asking
344,aspect
345,aspects
346,assay
347,assays
348,assess
349,assessed
350,assessing
351,assessment
352,assessments
353,assigned
354,assist
355,associated
356,association
357,associations
358,assuming
359,assured
360,astrazeneca
361,astrazenecas
362,asymptomatic
363,atazanavir
364,atherosclerosis
365,atonomous
366,atrisk
367,attachment
368,attain
369,attainment
370,attempt
371,attempts
372,attention
373,attitude
374,attitudes
375,attracted
376,attracting
377,attractive
378,attracts
379,attributes
380,audiologic
381,augmented
382,august
383,auroc
384,authorisation
385,authorise
386,authorities
387,authority
388,authorization
389,authorized
390,authors
391,autohaemotherapy
392,autoimmune
393,autologous
394,auxiliary
395,availability
396,available
397,availably
398,average
399,averted
400,avoid
401,awaited
402,aware
403,awareness
404,away
405,axillary
406,aya
407,azithromycin
408,azm
409,b
410,background
411,bacterial
412,badly
413,baghdad
414,baicalensis
415,baicalin
416,balance
417,balb
418,band
419,bank
420,barcelona
421,baricinitib
422,barrier
423,barriers
424,base
425,based
426,baseline
427,basis
428,batch
429,bats
430,bcell
431,bcg
432,bcp
433,bear
434,bears
435,became
436,become
437,becomes
438,becoming
439,began
440,begin
441,beginning
442,behavioral
443,behind
444,beijing
445,belgium
446,belief
447,belonged
448,belonging
449,benchmark
450,beneficial
451,beneficiaries
452,benefit
453,benefited
454,benefiting
455,benefits
456,benefitsaverting
457,besides
458,best
459,beta
460,betacorona
461,betacoronavirus
462,betapropiolactone
463,betathalassemia
464,better
465,beyond
466,bias
467,bile
468,billions
469,bim
470,binary
471,bind
472,binding
473,bioactive
474,bioactives
475,biochemical
476,biochemistry
477,biologic
478,biological
479,biomarkers
480,biomimicry
481,biontech
482,biophysical
483,biopsies
484,biopsy
485,biorad
486,biotec
487,birth
488,birthabroad
489,births
490,bivariate
491,black
492,block
493,blocking
494,blood
495,bloodstream
496,blot
497,bmdcs
498,bmi
499,bntb
500,board
501,bodies
502,body
503,bodymass
504,bolus
505,bone
506,booster
507,boosters
508,boosting
509,born
510,bottom
511,boundaries
512,bowel
513,boys
514,brain
515,break
516,breakthrough
517,breast
518,breastfed
519,breastfeed
520,breastfeeding
521,breg
522,bregmediated
523,brewing
524,brief
525,bring
526,british
527,broad
528,broader
529,broadly
530,broadspectrum
531,bronchitis
532,bronze
533,brooklyn
534,bruton
535,btki
536,btkis
537,budget
538,buffered
539,buoyant
540,burden
541,burns
542,c
543,ca
544,calculate
545,calculated
546,calculations
547,calibrated
548,california
549,called
550,calling
551,cambridge
552,camellia
553,cameroon
554,camp
555,campaigns
556,canada
557,cancer
558,cancers
559,candidate
560,candidates
561,cansino
562,capability
563,capable
564,capacity
565,capita
566,capital
567,capsids
568,carboxymethyl
569,carcinoma
570,carcinomas
571,cardioprotective
572,cardiovascular
573,care
574,careful
575,carefully
576,caregiver
577,caregivers
578,carers
579,carried
580,carrier
581,carriers
582,carrying
583,cart
584,case
585,casecontrol
586,cases
587,caspase
588,catastrophic
589,categories
590,causal
591,causative
592,cause
593,caused
594,causes
595,causing
596,caution
597,cautionary
598,cautions
599,cautious
600,cccdna
601,cclg
602,cd
603,cdc
604,cell
605,cellmediated
606,cells
607,cellular
608,cellulose
609,center
610,centers
611,central
612,centre
613,centuries
614,century
615,certain
616,certainty
617,cessation
618,chain
619,chains
620,chair
621,challenge
622,challenged
623,challenges
624,challenging
625,chances
626,change
627,changes
628,characterised
629,characteristic
630,characteristics
631,characterization
632,characterize
633,characterized
634,characterizing
635,charge
636,chart
637,chb
638,chc
639,checked
640,checks
641,chemical
642,chemiluminescent
643,chemokines
644,chemotherapy
645,chemotherapyinduced
646,chi
647,chicago
648,chictrprc
649,chilblainlike
650,child
651,childhood
652,childpugh
653,children
654,childrens
655,chimeric
656,china
657,chinese
658,chisquare
659,chitosan
660,chloroquine
661,chlorpromazine
662,choice
663,choices
664,choosing
665,chq
666,chronic
667,chronically
668,chronicity
669,chymotrypsinlike
670,ci
671,cid
672,cids
673,cilostazol
674,circular
675,cirrhosis
676,cirrhotic
677,cis
678,cisgender
679,citations
680,cited
681,citizens
682,citrus
683,city
684,civil
685,cl
686,clarify
687,class
688,classes
689,classical
690,cld
691,clear
692,clearance
693,clearly
694,cleaved
695,clinic
696,clinical
697,clinically
698,clinicaltrialsgov
699,clinicians
700,clinics
701,cll
702,cloned
703,close
704,closed
705,closely
706,closest
707,clozapine
708,clustering
709,cmc
710,cmcdmns
711,cmia
712,cmn
713,cmns
714,cnbg
715,cnki
716,cny
717,coadministered
718,coadministration
719,coagulation
720,coagulopathy
721,coalitions
722,coating
723,cochrane
724,coding
725,coefficients
726,coexisting
727,coexpression
728,coexpressionproteins
729,cohort
730,cohorts
731,coinfection
732,colchicine
733,collaboration
734,collaborative
735,colleagues
736,collect
737,collected
738,collecting
739,collection
740,college
741,combat
742,combating
743,combination
744,combinations
745,combined
746,come
747,comes
748,commenced
749,commencing
750,commitment
751,committee
752,commodities
753,commodity
754,common
755,commonly
756,communicated
757,communication
758,communities
759,community
760,communitybased
761,comorbidities
762,comorbidity
763,companies
764,comparable
765,comparative
766,compare
767,compared
768,comparing
769,comparison
770,compassionate
771,compelling
772,competition
773,compile
774,compiled
775,compiling
776,complete
777,completed
778,completely
779,completing
780,completion
781,complex
782,complexation
783,complexities
784,complexity
785,compliance
786,complications
787,comply
788,component
789,components
790,composed
791,composition
792,compounded
793,compounds
794,comprehensive
795,comprehensively
796,comprise
797,comprises
798,computational
799,concentration
800,concentrations
801,concept
802,conceptual
803,concern
804,concerned
805,concerning
806,concerns
807,conclude
808,concluded
809,concludes
810,conclusion
811,conclusions
812,conclusive
813,concomitant
814,concomitantly
815,concurrent
816,concurrently
817,condition
818,conditional
819,conditions
820,conduct
821,conducted
822,confer
823,conferred
824,confidence
825,confident
826,confirm
827,confirmed
828,confirms
829,confounding
830,confront
831,confronted
832,confusion
833,conjunction
834,conjunctivitis
835,connected
836,connection
837,connective
838,cons
839,conscious
840,consecutive
841,consecutively
842,consensus
843,consent
844,consequences
845,consequent
846,consequently
847,conservative
848,conserved
849,consider
850,consideration
851,considerations
852,considered
853,considering
854,considers
855,consist
856,consistency
857,consistently
858,consisting
859,consists
860,consolidate
861,constitute
862,construct
863,constructed
864,constructs
865,consultants
866,consultations
867,consulted
868,consumed
869,consumption
870,contact
871,contacted
872,contagious
873,contained
874,containing
875,contains
876,contenders
877,context
878,contextual
879,contextualized
880,contextually
881,contingent
882,continuation
883,continue
884,continued
885,continues
886,continuity
887,continuous
888,continuously
889,contracted
890,contracting
891,contraindicating
892,contraindications
893,contrast
894,contribute
895,contributed
896,contributes
897,contributing
898,contributors
899,control
900,controlled
901,controlling
902,controls
903,controversial
904,convalescent
905,convenience
906,conventional
907,converted
908,converting
909,convolutional
910,cooperation
911,copd
912,cope
913,core
914,corerelated
915,corners
916,cornerstone
917,corona
918,coronary
919,coronavirus
920,coronaviruses
921,correlate
922,correlation
923,correlations
924,corresponding
925,corticosteroid
926,corticosteroids
927,cost
928,costeffective
929,costeffectiveness
930,costly
931,costs
932,costsaving
933,costutility
934,cotrimoxazole
935,cough
936,could
937,counseling
938,count
939,counteract
940,counterparts
941,counting
942,countries
943,country
944,counts
945,county
946,coupled
947,course
948,courses
949,covalently
950,cover
951,coverage
952,covered
953,covering
954,covers
955,covid
956,covidpositive
957,covidrelated
958,covs
959,cox
960,cpg
961,cpgp
962,cq
963,crd
964,create
965,created
966,credible
967,crediblemeds
968,crises
969,crisis
970,criteria
971,critical
972,critically
973,crosssectional
974,crs
975,crucial
976,crude
977,cryoglobulinemic
978,cryopreserved
979,cryptotanshinone
980,cs
981,ct
982,ctd
983,ctds
984,ctl
985,ctla
986,culture
987,cultures
988,cuminum
989,cumulative
990,curative
991,curativeintent
992,curb
993,curcumin
994,cure
995,cured
996,curfews
997,curing
998,curiosity
999,current
1000,currently
1001,curriculum
1002,curve
1003,cusp
1004,customizable
1005,cutaneous
1006,cutoff
1007,cutting
1008,cv
1009,cycle
1010,cycles
1011,cyminum
1012,cytochromes
1013,cytokine
1014,cytokines
1015,cytomegalovirus
1016,cytometrybased
1017,cytosine
1018,cytotoxic
1019,daa
1020,daas
1021,dagger
1022,daily
1023,daly
1024,dalys
1025,damage
1026,damaged
1027,damages
1028,dampen
1029,dangerous
1030,dangers
1031,darunavir
1032,data
1033,database
1034,databases
1035,date
1036,day
1037,days
1038,ddi
1039,ddimer
1040,ddis
1041,de
1042,deadliest
1043,deadly
1044,dealt
1045,death
1046,deaths
1047,debated
1048,debates
1049,dec
1050,decades
1051,december
1052,decision
1053,decisionmaking
1054,decisions
1055,decisiontree
1056,declare
1057,declared
1058,decline
1059,declined
1060,decrease
1061,decreased
1062,decreases
1063,decreasing
1064,dedicated
1065,deepen
1066,defects
1067,defensin
1068,deferred
1069,deficiencies
1070,deficient
1071,defined
1072,definite
1073,definitely
1074,definitions
1075,definitive
1076,degradation
1077,degree
1078,degrees
1079,delay
1080,delays
1081,deleterious
1082,deliberate
1083,deliberations
1084,delirium
1085,deliver
1086,delivered
1087,delivering
1088,delivery
1089,deluge
1090,demand
1091,demanding
1092,demands
1093,demographic
1094,demographics
1095,demonstrate
1096,demonstrated
1097,demonstrates
1098,demonstrating
1099,dendrimers
1100,dendritic
1101,dengue
1102,denmark
1103,density
1104,denv
1105,department
1106,departments
1107,depend
1108,depending
1109,depends
1110,depletion
1111,deploy
1112,deployed
1113,deploying
1114,deployment
1115,depth
1116,derivation
1117,derivatives
1118,derive
1119,derived
1120,dermatitis
1121,dermatologists
1122,dermatology
1123,descended
1124,describe
1125,described
1126,describing
1127,descriptions
1128,descriptive
1129,design
1130,designation
1131,designed
1132,designif
1133,designing
1134,designs
1135,desire
1136,despite
1137,detail
1138,detailed
1139,details
1140,detectable
1141,detected
1142,detecting
1143,detection
1144,deterioration
1145,determinants
1146,determination
1147,determine
1148,determined
1149,determining
1150,detract
1151,devastating
1152,develop
1153,developed
1154,developers
1155,developing
1156,development
1157,developments
1158,dexamethasone
1159,diabetes
1160,diabetics
1161,diagnose
1162,diagnosed
1163,diagnosis
1164,diagnostic
1165,dialysis
1166,dichotomouschoice
1167,died
1168,differ
1169,difference
1170,differences
1171,different
1172,differential
1173,differentiation
1174,difficult
1175,difficulty
1176,diffuse
1177,digestive
1178,diluted
1179,diminished
1180,direct
1181,directacting
1182,directed
1183,directions
1184,directly
1185,disabilityadjusted
1186,disadvantage
1187,disadvantages
1188,disaster
1189,discharge
1190,discharged
1191,discontinuation
1192,discontinue
1193,discount
1194,discover
1195,discovery
1196,discuss
1197,discussed
1198,discusses
1199,discussing
1200,discussion
1201,discussions
1202,disease
1203,diseasecausing
1204,diseases
1205,diseasespecific
1206,disoproxil
1207,disorder
1208,disorders
1209,displayed
1210,disproportionately
1211,disrupt
1212,disrupted
1213,disrupting
1214,disruption
1215,disruptions
1216,dissect
1217,dissolution
1218,dissolved
1219,dissolving
1220,distal
1221,distancing
1222,distinct
1223,distress
1224,distribute
1225,distributed
1226,distribution
1227,distributions
1228,distrust
1229,disturbances
1230,ditan
1231,diverse
1232,diversity
1233,divided
1234,dizziness
1235,dlbcl
1236,dm
1237,dmns
1238,dna
1239,dnacontaining
1240,docking
1241,dockingbased
1242,doctors
1243,document
1244,documented
1245,documents
1246,domains
1247,domestic
1248,domesticallymade
1249,dominant
1250,dominated
1251,done
1252,donor
1253,dose
1254,doses
1255,dosing
1256,double
1257,doubleblinded
1258,doublebounded
1259,doubt
1260,doubtful
1261,downregulation
1262,downstream
1263,draining
1264,dramatic
1265,drastic
1266,drawn
1267,driven
1268,driver
1269,driving
1270,drug
1271,drugdrug
1272,drugrepurposing
1273,drugs
1274,dryness
1275,dualrelease
1276,duct
1277,due
1278,durable
1279,duration
1280,dying
1281,dynamic
1282,dynamics
1283,dynavax
1284,dysfunction
1285,dysfunctional
1286,dyspnoea
1287,dysregulation
1288,e
1289,earlier
1290,early
1291,easily
1292,east
1293,ebola
1294,ebv
1295,ecc
1296,echinacea
1297,economic
1298,economics
1299,economy
1300,ecosystem
1301,ecuador
1302,edema
1303,edge
1304,edition
1305,editorial
1306,education
1307,educational
1308,ee
1309,effect
1310,effective
1311,effectively
1312,effectiveness
1313,effector
1314,effects
1315,efficacious
1316,efficacy
1317,efficacyareas
1318,efficiency
1319,efficient
1320,effort
1321,efforts
1322,eg
1323,egypt
1324,eight
1325,eir
1326,either
1327,elapsed
1328,elastography
1329,elderly
1330,electronic
1331,electronically
1332,element
1333,elements
1334,elevated
1335,elevation
1336,elevations
1337,eleven
1338,eliberate
1339,elicit
1340,elicited
1341,eliciting
1342,eligibility
1343,eligible
1344,eliminate
1345,eliminating
1346,elimination
1347,elucidated
1348,elucidating
1349,ema
1350,embase
1351,emerged
1352,emergence
1353,emergency
1354,emerging
1355,emetine
1356,emirates
1357,emodin
1358,emphasis
1359,empirical
1360,employed
1361,employers
1362,employing
1363,employment
1364,employs
1365,empty
1366,emtricitabine
1367,enable
1368,enabling
1369,encapsulate
1370,encapsulation
1371,encodes
1372,encoding
1373,encompassing
1374,encourage
1375,encouraged
1376,encouraging
1377,end
1378,endangers
1379,endeavoring
1380,ended
1381,endemic
1382,endemicity
1383,endorsed
1384,endothelial
1385,endpoint
1386,endpoints
1387,endstage
1388,energy
1389,engage
1390,engagement
1391,engerixb
1392,engine
1393,england
1394,english
1395,enhance
1396,enhanced
1397,enhancement
1398,enhancer
1399,enhances
1400,enlightenment
1401,enough
1402,enriched
1403,enrichment
1404,enrolled
1405,ensued
1406,ensure
1407,ensuring
1408,entecavir
1409,entered
1410,enters
1411,entities
1412,entrusted
1413,entry
1414,envelope
1415,enveloped
1416,environment
1417,enzyme
1418,enzymes
1419,eosinopenia
1420,eosinophilic
1421,epidemic
1422,epidemiologic
1423,epidemiological
1424,epidemiology
1425,epigenetic
1426,epinephrine
1427,episodes
1428,episome
1429,epithelial
1430,epithelium
1431,epitopes
1432,epsteinbarr
1433,epub
1434,equal
1435,equally
1436,equipment
1437,equitable
1438,equity
1439,equivalence
1440,equivalent
1441,eradicate
1442,eradication
1443,eras
1444,erythrocytes
1445,esophagus
1446,especially
1447,essential
1448,establish
1449,established
1450,estimate
1451,estimated
1452,estimates
1453,estimating
1454,etc
1455,ethical
1456,ethics
1457,ethiopia
1458,ethnic
1459,ethnicity
1460,etiologic
1461,etiological
1462,etiologies
1463,etiology
1464,etr
1465,etv
1466,eu
1467,eua
1468,europe
1469,european
1470,evade
1471,evaluate
1472,evaluated
1473,evaluates
1474,evaluating
1475,evaluation
1476,evaluations
1477,even
1478,event
1479,events
1480,eventual
1481,ever
1482,every
1483,everyday
1484,evidence
1485,evidencebased
1486,evidenceinformed
1487,evident
1488,evokes
1489,evolution
1490,evolutionary
1491,evolve
1492,evolved
1493,evs
1494,ex
1495,exacerbation
1496,exact
1497,examination
1498,examine
1499,examined
1500,examines
1501,examining
1502,example
1503,examples
1504,exceeding
1505,exceedingly
1506,excellent
1507,except
1508,exception
1509,exceptional
1510,excerpta
1511,excessive
1512,exciting
1513,excluded
1514,excluding
1515,excretion
1516,exemplified
1517,exerts
1518,exhausted
1519,exhibited
1520,exhibits
1521,exist
1522,existence
1523,existing
1524,exists
1525,exit
1526,exosome
1527,exosomes
1528,expand
1529,expanded
1530,expanding
1531,expansion
1532,expectations
1533,expected
1534,expeditiously
1535,experience
1536,experienced
1537,experiences
1538,experiencing
1539,experiment
1540,experimental
1541,experiments
1542,expert
1543,expertise
1544,experts
1545,explain
1546,explanation
1547,exploited
1548,explore
1549,explores
1550,exploring
1551,exposed
1552,exposure
1553,express
1554,expressed
1555,expression
1556,expressions
1557,extend
1558,extended
1559,extension
1560,extensive
1561,extensively
1562,extent
1563,extracellular
1564,extract
1565,extracted
1566,extraction
1567,extrahepatic
1568,extraordinary
1569,extrapolated
1570,extrapulmonary
1571,extravascular
1572,extreme
1573,extremely
1574,exudation
1575,eya
1576,f
1577,face
1578,faced
1579,facetoface
1580,facets
1581,facilitate
1582,facilitated
1583,facilitators
1584,facilities
1585,facility
1586,facing
1587,fact
1588,factor
1589,factoralpha
1590,factors
1591,faecaloral
1592,failed
1593,failure
1594,falling
1595,familiar
1596,family
1597,far
1598,fascinating
1599,fast
1600,faster
1601,fatal
1602,fatality
1603,fate
1604,fatigue
1605,favipiravir
1606,favorable
1607,favourable
1608,fc
1609,fcgammariiia
1610,fda
1611,fdaapproved
1612,fear
1613,feasibility
1614,feasible
1615,feature
1616,features
1617,february
1618,female
1619,females
1620,ferritin
1621,fever
1622,fewer
1623,fibroscan
1624,fibrosis
1625,fibrous
1626,field
1627,fifteen
1628,fifth
1629,fiftyeight
1630,fight
1631,filled
1632,filtration
1633,final
1634,finally
1635,financial
1636,find
1637,finding
1638,findings
1639,finite
1640,fio
1641,first
1642,firstline
1643,fishers
1644,fitness
1645,five
1646,fixeddose
1647,flare
1648,flares
1649,flash
1650,flatline
1651,flavonoids
1652,flow
1653,fluids
1654,fluoroquinolone
1655,fnc
1656,focus
1657,focused
1658,focuses
1659,focusing
1660,fold
1661,follow
1662,followed
1663,following
1664,follows
1665,followup
1666,food
1667,forced
1668,forefront
1669,foreign
1670,foreignmade
1671,foremost
1672,form
1673,formaldehyde
1674,format
1675,formation
1676,formed
1677,formidable
1678,forming
1679,forms
1680,formula
1681,formulafed
1682,formulation
1683,formulations
1684,forsaken
1685,found
1686,four
1687,fourfold
1688,fourth
1689,fpv
1690,frailty
1691,frame
1692,framework
1693,free
1694,freeofcharge
1695,frequencies
1696,frequency
1697,frequent
1698,frequently
1699,frontline
1700,frontrunners
1701,fulfilled
1702,full
1703,fulllength
1704,fulltext
1705,fully
1706,fumarate
1707,function
1708,functional
1709,functions
1710,fundamental
1711,funded
1712,funding
1713,fungal
1714,furthermore
1715,futility
1716,future
1717,g
1718,ga
1719,gain
1720,gamaleya
1721,gamma
1722,gaps
1723,garlic
1724,gather
1725,gc
1726,genclip
1727,gender
1728,genderbased
1729,genderdisaggregated
1730,gendered
1731,gene
1732,genebased
1733,general
1734,generalized
1735,generally
1736,generate
1737,generated
1738,generations
1739,generic
1740,genes
1741,genetic
1742,geneva
1743,genome
1744,genomes
1745,genomic
1746,genotype
1747,genotypes
1748,genotyping
1749,geographic
1750,geographically
1751,geological
1752,geometric
1753,gestational
1754,get
1755,getting
1756,ghana
1757,ginseng
1758,girls
1759,give
1760,given
1761,glabra
1762,glaxosmithkline
1763,global
1764,globally
1765,globe
1766,globulin
1767,glomerulonephritis
1768,glucocorticoid
1769,glucocorticoids
1770,glycan
1771,glycoprotein
1772,glycoproteins
1773,glycosylation
1774,glycyrrhiza
1775,gmc
1776,go
1777,goal
1778,goals
1779,going
1780,goldstandard
1781,good
1782,google
1783,government
1784,governments
1785,governorate
1786,gprotein
1787,grade
1788,grades
1789,grading
1790,gradually
1791,granzyme
1792,graph
1793,great
1794,greater
1795,greatest
1796,green
1797,gross
1798,groundbreaking
1799,grounds
1800,group
1801,grouped
1802,groups
1803,growing
1804,growth
1805,guangxi
1806,guaranteed
1807,guardians
1808,guidance
1809,guide
1810,guideline
1811,guidelines
1812,guiding
1813,h
1814,haematological
1815,half
1816,halt
1817,hamper
1818,hamster
1819,harboured
1820,harm
1821,harmful
1822,harness
1823,hav
1824,havoc
1825,hazard
1826,hb
1827,hbc
1828,hbcab
1829,hbcabs
1830,hbcrag
1831,hbd
1832,hbeag
1833,hbeagpositive
1834,hbig
1835,hbm
1836,hbo
1837,hbs
1838,hbsab
1839,hbsabseronegative
1840,hbsabseropositive
1841,hbsag
1842,hbsagcoated
1843,hbsagnegative
1844,hbsagpla
1845,hbsagpositive
1846,hbv
1847,hbvac
1848,hbvaccine
1849,hbvaccinecoverage
1850,hbvcured
1851,hbvdna
1852,hbvinfected
1853,hbviss
1854,hbvmediated
1855,hbvmonoinfected
1856,hbvrelated
1857,hbvspecific
1858,hbvtargeting
1859,hbx
1860,hbxis
1861,hcart
1862,hcc
1863,hcmv
1864,hcq
1865,hcv
1866,hcvassociated
1867,hcws
1868,hdc
1869,hdv
1870,headache
1871,headings
1872,health
1873,healthcare
1874,healthfacility
1875,healthy
1876,hearing
1877,heart
1878,hearts
1879,heavy
1880,held
1881,helicase
1882,help
1883,helpful
1884,hematologic
1885,hematological
1886,hematopoietic
1887,hence
1888,hepa
1889,hepadnaviral
1890,hepadnaviridae
1891,hepadnaviruses
1892,heparin
1893,heparins
1894,hepatectomy
1895,hepatidities
1896,hepatitis
1897,hepatitis b
1898,hepatitisbinfected
1899,hepatitisbrelated
1900,hepatitisbvaccine
1901,hepatitisbx
1902,hepatocellular
1903,hepatocyte
1904,hepatocytes
1905,hepatocytetransplanted
1906,hepatotoxicity
1907,hepatotropic
1908,hepb
1909,hepbalum
1910,hepbbd
1911,hepbcpg
1912,hepcpg
1913,heplisav
1914,heplisavb
1915,heralded
1916,herb
1917,herbal
1918,herbs
1919,herd
1920,herein
1921,herpes
1922,hesitancy
1923,hesitant
1924,heterogeneity
1925,heterogeneous
1926,hev
1927,high
1928,highdose
1929,higher
1930,highest
1931,highimpact
1932,highincome
1933,highlevel
1934,highlight
1935,highlighted
1936,highlighting
1937,highlights
1938,highly
1939,highquality
1940,highresponse
1941,highrisk
1942,hinges
1943,histology
1944,historical
1945,historically
1946,history
1947,hiv
1948,hivexposed
1949,hivinfected
1950,hivnegative
1951,hivpositive
1952,hivseropositive
1953,hla
1954,hold
1955,home
1956,homeostasis
1957,homoharringtonine
1958,hope
1959,hopefully
1960,hoping
1961,hopkins
1962,horizontal
1963,horse
1964,hospital
1965,hospitalisation
1966,hospitalised
1967,hospitalization
1968,hospitalizations
1969,hospitalized
1970,hospitals
1971,host
1972,hour
1973,hours
1974,household
1975,households
1976,however
1977,hpv
1978,hr
1979,https
1980,hua
1981,hub
1982,huge
1983,human
1984,humanized
1985,humans
1986,humoral
1987,hundred
1988,hurdle
1989,hyaline
1990,hydrophilicity
1991,hydroxychloroquine
1992,hygiene
1993,hyperbaric
1994,hypercoagulability
1995,hypercoagulation
1996,hypericum
1997,hyperimmune
1998,hyperinflammation
1999,hyperinflammatory
2000,hyperpermeability
2001,hyperplastic
2002,hypersensitivity
2003,hypertension
2004,hypoglycemia
2005,hyporesponsive
2006,hyporesponsiveness
2007,hypotheses
2008,hypothesis
2009,hypothesized
2010,hypoxemia
2011,ia
2012,ibd
2013,ibdspecific
2014,ic
2015,icc
2016,icer
2017,icers
2018,idc
2019,idcs
2020,ide
2021,idea
2022,ideally
2023,ideas
2024,identification
2025,identified
2026,identifier
2027,identify
2028,identifying
2029,identity
2030,ie
2031,ifn
2032,ifng
2033,ifngamma
2034,ifnmediated
2035,ifns
2036,igaspecific
2037,igg
2038,igga
2039,iggfc
2040,igm
2041,iguesterin
2042,ii
2043,iii
2044,iinduced
2045,il
2046,ilb
2047,ilbeta
2048,ill
2049,illness
2050,illnesses
2051,illustrates
2052,im
2053,imaging
2054,imatinib
2055,imbalance
2056,immature
2057,immediate
2058,immediately
2059,imminent
2060,immune
2061,immunemediated
2062,immuneresponse
2063,immunetolerant
2064,immunisation
2065,immunisations
2066,immunity
2067,immunization
2068,immunize
2069,immunized
2070,immunoassay
2071,immunodeficiency
2072,immunodeficient
2073,immunogenic
2074,immunogenicity
2075,immunoglobulin
2076,immunoglobulins
2077,immunohistochemistry
2078,immunoinformatic
2079,immunological
2080,immunology
2081,immunomodulating
2082,immunomodulation
2083,immunomodulators
2084,immunomodulatory
2085,immunopathological
2086,immunopathology
2087,immunoprophylaxis
2088,immunosuppressants
2089,immunosuppressed
2090,immunosuppression
2091,immunosuppressive
2092,immunotherapeutics
2093,immunotherapy
2094,impact
2095,impacts
2096,impaired
2097,impairment
2098,impending
2099,implement
2100,implementation
2101,implemented
2102,implementing
2103,implicated
2104,implication
2105,implications
2106,implying
2107,importance
2108,important
2109,imposed
2110,improve
2111,improved
2112,improvement
2113,improvements
2114,improves
2115,improving
2116,inactivated
2117,inactivation
2118,inadequate
2119,inc
2120,inception
2121,incidence
2122,incident
2123,include
2124,included
2125,includes
2126,including
2127,inclusion
2128,income
2129,incomplete
2130,inconclusive
2131,inconsistency
2132,inconvenience
2133,incorporation
2134,increase
2135,increased
2136,increases
2137,increasing
2138,increasingly
2139,incremental
2140,incubation
2141,incurable
2142,indeed
2143,indefinite
2144,independent
2145,independently
2146,indepth
2147,indeterminate
2148,index
2149,indexes
2150,india
2151,indicate
2152,indicated
2153,indicates
2154,indicating
2155,indication
2156,indications
2157,indicators
2158,indinavir
2159,indirectly
2160,indispensable
2161,individual
2162,individuals
2163,indonesia
2164,induce
2165,induced
2166,inducer
2167,induces
2168,induction
2169,inductive
2170,industry
2171,ineffective
2172,inequalities
2173,inequities
2174,inexpensive
2175,infancy
2176,infant
2177,infants
2178,infarction
2179,infect
2180,infected
2181,infection
2182,infectioninduced
2183,infections
2184,infectionspecific
2185,infectious
2186,infectiveness
2187,infectivity
2188,infects
2189,inferential
2190,inferred
2191,infiltrate
2192,infiltration
2193,inflammation
2194,inflammatory
2195,inflicted
2196,infliximab
2197,influence
2198,influenced
2199,influences
2200,influencing
2201,influenza
2202,inform
2203,information
2204,informed
2205,infrastructure
2206,infrequent
2207,inherent
2208,inhibit
2209,inhibited
2210,inhibiting
2211,inhibition
2212,inhibitor
2213,inhibitors
2214,inhospital
2215,initial
2216,initially
2217,initiated
2218,initiation
2219,initiatives
2220,inject
2221,injected
2222,injecting
2223,injection
2224,injections
2225,injuries
2226,injury
2227,innate
2228,innovative
2229,inpatient
2230,inpatients
2231,inprocess
2232,insertion
2233,insight
2234,insights
2235,instance
2236,instances
2237,instead
2238,instill
2239,institution
2240,institutional
2241,institutions
2242,instrumental
2243,insufficiency
2244,insufficient
2245,insurance
2246,integrations
2247,intend
2248,intended
2249,intensified
2250,intensive
2251,intent
2252,intention
2253,interaction
2254,interactions
2255,interest
2256,interestingly
2257,interfere
2258,interference
2259,interfering
2260,interferon
2261,interferongamma
2262,interferongammamediated
2263,interferons
2264,interferonstimulated
2265,interim
2266,interleukin
2267,intermediate
2268,intermittent
2269,international
2270,interoperable
2271,interplay
2272,interpretation
2273,interquartile
2274,interrupt
2275,interruption
2276,intersection
2277,interstitial
2278,interval
2279,intervals
2280,intervention
2281,interventions
2282,interviewed
2283,interviews
2284,intracellular
2285,intrahepatic
2286,intramuscular
2287,intramuscularly
2288,intravenous
2289,intravenously
2290,introduce
2291,introduced
2292,introduces
2293,introduction
2294,intubated
2295,intubation
2296,invading
2297,invasive
2298,invest
2299,investigate
2300,investigated
2301,investigates
2302,investigation
2303,investigational
2304,investigations
2305,investment
2306,invitro
2307,invivo
2308,involve
2309,involved
2310,involvement
2311,involving
2312,ionomycin
2313,ipd
2314,iqr
2315,iraq
2316,iraqi
2317,irish
2318,ischaemia
2319,ischemic
2320,isi
2321,isolated
2322,isolation
2323,isolations
2324,isoniazid
2325,isotope
2326,iss
2327,issue
2328,issued
2329,issues
2330,italian
2331,italians
2332,italy
2333,itching
2334,items
2335,iu
2336,iv
2337,ivermectin
2338,ivermectinrelated
2339,ivig
2340,jak
2341,jan
2342,janssen
2343,january
2344,japan
2345,jhu
2346,jirovecii
2347,john
2348,johnsonjohnson
2349,joint
2350,journal
2351,judged
2352,july
2353,june
2354,justification
2355,justified
2356,justify
2357,kaiser
2358,kampala
2359,kb
2360,keeps
2361,kegg
2362,kenya
2363,kerala
2364,key
2365,kg
2366,kidney
2367,kidneys
2368,killed
2369,killer
2370,kinase
2371,kinds
2372,kinetics
2373,kingdom
2374,know
2375,knowledge
2376,known
2377,korea
2378,kpa
2379,l
2380,lab
2381,label
2382,labeling
2383,laboratory
2384,laboratoryconfirmed
2385,labs
2386,lack
2387,lacking
2388,lactating
2389,lamivudine
2390,landscape
2391,language
2392,large
2393,largely
2394,larger
2395,largesample
2396,largescale
2397,largest
2398,laryngoscope
2399,last
2400,lastmile
2401,late
2402,later
2403,latest
2404,latestage
2405,latin
2406,launched
2407,layperson
2408,lead
2409,leaders
2410,leadership
2411,leading
2412,leads
2413,leaning
2414,learn
2415,learned
2416,least
2417,led
2418,ledipasvir
2419,length
2420,lenvervimab
2421,leone
2422,lesion
2423,lesions
2424,less
2425,lessons
2426,leukaemia
2427,leukemia
2428,leukocytemediated
2429,leukopenia
2430,level
2431,levels
2432,lexicomp
2433,lhqw
2434,lhqwcomponent
2435,lhqwpin
2436,lhqwproteins
2437,lian
2438,library
2439,licensed
2440,licensure
2441,lieu
2442,life
2443,lifecycle
2444,lifesaving
2445,lifethreatening
2446,lifetime
2447,lifeyears
2448,ligands
2449,light
2450,like
2451,likelihood
2452,likely
2453,limit
2454,limitations
2455,limited
2456,limits
2457,line
2458,link
2459,linked
2460,lipid
2461,lipids
2462,liposomes
2463,list
2464,listed
2465,lists
2466,literature
2467,literaturebased
2468,little
2469,live
2470,liveattenuated
2471,livelihoods
2472,liver
2473,liverpool
2474,livers
2475,livertropism
2476,lives
2477,livevectored
2478,living
2479,lns
2480,load
2481,loads
2482,local
2483,location
2484,locations
2485,lockdowns
2486,log
2487,logistic
2488,logiu
2489,long
2490,longitudinal
2491,longterm
2492,longtime
2493,look
2494,looked
2495,looks
2496,lopinavir
2497,lopinavirritonavir
2498,los
2499,loss
2500,lost
2501,lot
2502,lots
2503,lottolot
2504,low
2505,lowcertainty
2506,lowcost
2507,lower
2508,lowered
2509,lowerincome
2510,lowincome
2511,lowinflammation
2512,lowlevel
2513,lowmedium
2514,lowmolecularweight
2515,lowresponse
2516,lt
2517,lung
2518,lungs
2519,lycorine
2520,lymph
2521,lymphoblastic
2522,lymphocyte
2523,lymphocytes
2524,lymphocytic
2525,lymphoma
2526,lymphopenia
2527,macrophages
2528,maculopapular
2529,madagascar
2530,made
2531,main
2532,mainly
2533,mainstay
2534,maintain
2535,maintained
2536,maintaining
2537,maintenance
2538,major
2539,majority
2540,make
2541,makes
2542,malaria
2543,malawi
2544,male
2545,males
2546,malignancies
2547,malignancy
2548,manage
2549,manageable
2550,managed
2551,management
2552,managing
2553,mandates
2554,mandatory
2555,manifestation
2556,manifestations
2557,manifests
2558,mankind
2559,mann
2560,manner
2561,manual
2562,manufacture
2563,manufactured
2564,manufacturer
2565,manufacturing
2566,manuscript
2567,many
2568,map
2569,march
2570,marginal
2571,marked
2572,markedly
2573,marker
2574,markers
2575,markov
2576,marriageable
2577,marrowderived
2578,mass
2579,massachusetts
2580,massive
2581,matched
2582,matching
2583,material
2584,materials
2585,maternal
2586,mathematical
2587,matrices
2588,matrix
2589,matter
2590,maturation
2591,maximal
2592,maximum
2593,may
2594,mcode
2595,mean
2596,meaningful
2597,means
2598,meanwhile
2599,measles
2600,measure
2601,measured
2602,measurement
2603,measurements
2604,measures
2605,measuring
2606,mechanical
2607,mechanism
2608,mechanisms
2609,media
2610,median
2611,mediated
2612,mediates
2613,medica
2614,medical
2615,medication
2616,medications
2617,medicinal
2618,medicine
2619,medicines
2620,medium
2621,medline
2622,meet
2623,meeting
2624,meld
2625,mellitus
2626,member
2627,members
2628,membrane
2629,membraneanchored
2630,memory
2631,men
2632,mena
2633,menace
2634,mental
2635,mentions
2636,mere
2637,meridian
2638,merit
2639,mers
2640,merscov
2641,mesenchymal
2642,mesh
2643,met
2644,metaanalysis
2645,metagenomic
2646,metaregression
2647,metazoans
2648,method
2649,methodical
2650,methodological
2651,methodology
2652,methods
2653,methylprednisolone
2654,mg
2655,mhc
2656,mice
2657,microangiopathy
2658,microbiology
2659,microg
2660,microl
2661,microlisa
2662,micromedex
2663,microneedle
2664,microneedles
2665,micronutrients
2666,microparticle
2667,micrornas
2668,microsimulation
2669,midaugust
2670,middle
2671,middleincome
2672,middleresponse
2673,midst
2674,midterm
2675,might
2676,migration
2677,mild
2678,mildly
2679,mildtomoderate
2680,military
2681,milk
2682,million
2683,millions
2684,mimicking
2685,min
2686,minerals
2687,minimize
2688,minireview
2689,ministry
2690,minority
2691,minus
2692,minutes
2693,mir
2694,mirnas
2695,misinterpretation
2696,miss
2697,missing
2698,mistrust
2699,mitigate
2700,mitigated
2701,mitigating
2702,mitigation
2703,miu
2704,mixed
2705,mixture
2706,ml
2707,mm
2708,mn
2709,mnews
2710,mobilized
2711,modalities
2712,mode
2713,model
2714,modeled
2715,modeling
2716,modelling
2717,models
2718,moderate
2719,moderatecertainty
2720,modern
2721,moderna
2722,modernatx
2723,modifications
2724,modified
2725,modulate
2726,modulated
2727,modulates
2728,modulation
2729,modulators
2730,modules
2731,moh
2732,molecular
2733,molecule
2734,molecules
2735,moment
2736,momentarily
2737,monastir
2738,monitor
2739,monitored
2740,monitoring
2741,monoclonal
2742,monocytes
2743,mononuclear
2744,monotherapy
2745,month
2746,monthly
2747,months
2748,morbidity
2749,moreover
2750,mortality
2751,mostly
2752,mother
2753,mothers
2754,mothertochild
2755,mothertochildtransmission
2756,mothertoinfant
2757,motif
2758,motifs
2759,moud
2760,mouse
2761,moved
2762,moving
2763,mpageb
2764,mrna
2765,mrnabased
2766,msclike
2767,mscs
2768,mtct
2769,much
2770,mucolytic
2771,mucus
2772,mug
2773,multicenter
2774,multimethods
2775,multinational
2776,multiorgan
2777,multiple
2778,multiplechoice
2779,multiplelogisticregressionanalysis
2780,multitarget
2781,multitransfused
2782,multivariable
2783,multivariableadjusted
2784,multivariate
2785,mumol
2786,must
2787,mutation
2788,mv
2789,myalgia
2790,myocardial
2791,myriad
2792,n
2793,nac
2794,nacetylcysteine
2795,nadir
2796,nadirs
2797,naive
2798,named
2799,nanjing
2800,nanocapsules
2801,nanocarriers
2802,nanocomplexation
2803,nanocrystals
2804,nanomedicines
2805,nanoparticleencapsulated
2806,nanoparticleformulated
2807,nanoparticles
2808,nanospheres
2809,nanosponges
2810,nanostructured
2811,nanotechnology
2812,nanovaccines
2813,nanovesicles
2814,narrative
2815,narratively
2816,narrow
2817,nas
2818,national
2819,nations
2820,nationwide
2821,natural
2822,nature
2823,nausea
2824,ncov
2825,nct
2826,nd
2827,ndash
2828,near
2829,nearly
2830,necessary
2831,necessitating
2832,necessity
2833,necrosis
2834,necrotizing
2835,need
2836,needed
2837,needing
2838,needs
2839,negativation
2840,negative
2841,negatively
2842,neglected
2843,neither
2844,neolithic
2845,neonatal
2846,neonates
2847,nervous
2848,nested
2849,net
2850,network
2851,networks
2852,neurological
2853,neuropathy
2854,neutralizing
2855,nevertheless
2856,new
2857,newborn
2858,newborns
2859,newcastleottawa
2860,newer
2861,newly
2862,newness
2863,next
2864,nextgeneration
2865,ng
2866,nhl
2867,nhs
2868,nigella
2869,nigeria
2870,nine
2871,nineteen
2872,ninetyone
2873,ninetysix
2874,ningming
2875,nitazoxanide
2876,nk
2877,nlinked
2878,nm
2879,nmol
2880,nnv
2881,node
2882,nodes
2883,nodosa
2884,nonadjuvanted
2885,nonallergic
2886,nonanaphylaxis
2887,nonavailability
2888,noncoding
2889,noncomplete
2890,noncompliance
2891,none
2892,nonenveloped
2893,nonhepatocellular
2894,nonhodgkin
2895,nonhomogeneous
2896,nonindexed
2897,noninferior
2898,noninferiority
2899,noninvasive
2900,nonneutralizing
2901,nonpharmaceutical
2902,nonpregnant
2903,nonprotective
2904,nonrandomised
2905,nonreactive
2906,nonresponders
2907,nonresponse
2908,nonresponsiveness
2909,nonrheumatic
2910,nonvaccination
2911,nonviral
2912,nonzero
2913,nooks
2914,normal
2915,normalcy
2916,normality
2917,north
2918,note
2919,noted
2920,notes
2921,notified
2922,novavax
2923,novel
2924,novelty
2925,november
2926,novo
2927,nowadays
2928,nr
2929,nterminal
2930,nuclear
2931,nuclei
2932,nucleic
2933,nucleocapsid
2934,nucleocapsids
2935,nucleos
2936,nucleoside
2937,nucleosidemodified
2938,nucleot
2939,nucleotide
2940,nucleotides
2941,nucloes
2942,number
2943,numbers
2944,numerical
2945,numerous
2946,nurse
2947,nurseactivated
2948,nursedriven
2949,nurseled
2950,nurseries
2951,nurseriesat
2952,nursery
2953,nurses
2954,nursing
2955,nutritional
2956,nvc
2957,ny
2958,obesity
2959,obi
2960,objective
2961,objectives
2962,observation
2963,observational
2964,observe
2965,observed
2966,observerblinded
2967,observing
2968,obtain
2969,obtained
2970,obtaining
2971,occult
2972,occupational
2973,occupationrelated
2974,occupations
2975,occur
2976,occurred
2977,occurrence
2978,occurring
2979,occurs
2980,october
2981,odds
2982,offending
2983,offer
2984,offered
2985,offers
2986,officials
2987,officinale
2988,officinalis
2989,offlabel
2990,often
2991,oh
2992,oils
2993,old
2994,older
2995,oldest
2996,oligonucleotide
2997,oligonucleotides
2998,oncology
2999,one
3000,onefifth
3001,onefourth
3002,ones
3003,onethird
3004,ongoing
3005,online
3006,onset
3007,ontology
3008,ontreatment
3009,onward
3010,open
3011,openlabel
3012,opentext
3013,operating
3014,operation
3015,opinion
3016,opinions
3017,opioid
3018,opportunities
3019,opportunity
3020,optimal
3021,optimism
3022,optimization
3023,optimized
3024,option
3025,optional
3026,options
3027,oral
3028,order
3029,ordering
3030,organ
3031,organic
3032,organisation
3033,organization
3034,organizations
3035,organize
3036,organs
3037,original
3038,originating
3039,origins
3040,ors
3041,oseltamivir
3042,others
3043,ototoxic
3044,ototoxicity
3045,outbreak
3046,outbreaks
3047,outcome
3048,outcomes
3049,outline
3050,outpatient
3051,outpatients
3052,outprospero
3053,output
3054,outreach
3055,ovarian
3056,ovary
3057,overall
3058,overallvaccinecoverage
3059,overcome
3060,overview
3061,overwhelming
3062,ovid
3063,oxford
3064,oxygen
3065,oxygenation
3066,oxygenationozonation
3067,ozone
3068,p
3069,pac
3070,pace
3071,paediatric
3072,paid
3073,pain
3074,paired
3075,pairs
3076,pairwise
3077,panax
3078,pancreatic
3079,pandemic
3080,pandemics
3081,panic
3082,paniculata
3083,papainlike
3084,paper
3085,papillomavirus
3086,parallel
3087,parameters
3088,paramount
3089,parents
3090,part
3091,partially
3092,participant
3093,participants
3094,participate
3095,participated
3096,particle
3097,particular
3098,particularly
3099,passage
3100,passive
3101,passiveactive
3102,past
3103,patent
3104,path
3105,pathogen
3106,pathogenagnostic
3107,pathogenesis
3108,pathogenhost
3109,pathogenic
3110,pathogenicity
3111,pathogens
3112,pathologic
3113,pathological
3114,pathologies
3115,pathophysiology
3116,pathway
3117,pathways
3118,patient
3119,patients
3120,pattern
3121,patterns
3122,pay
3123,payer
3124,pcdnahbx
3125,pcr
3126,pcrcovid
3127,pde
3128,pdsa
3129,peak
3130,pediatr
3131,pediatric
3132,pediatricians
3133,pediatrics
3134,pegifn
3135,peginterferonalfa
3136,pegylated
3137,pennsylvania
3138,people
3139,peoplebornabroad
3140,peptide
3141,peptides
3142,per
3143,perceived
3144,percent
3145,percentage
3146,percentages
3147,perception
3148,perdose
3149,perforatum
3150,perform
3151,performance
3152,performed
3153,performing
3154,perhaps
3155,perinatal
3156,perinatally
3157,period
3158,periods
3159,peripartum
3160,peripheral
3161,peritoneal
3162,permanente
3163,permeability
3164,permit
3165,persistence
3166,persistent
3167,person
3168,personal
3169,personalized
3170,personnel
3171,persons
3172,perspective
3173,perspectives
3174,pertinent
3175,pfizer
3176,pfizerbiontech
3177,pg
3178,phagedisplay
3179,phagocytosis
3180,pharma
3181,pharmaceuticals
3182,pharmacokinetic
3183,pharmacological
3184,pharmacologically
3185,pharmacology
3186,pharmacotherapies
3187,pharmacovigilance
3188,phase
3189,phases
3190,phenomenon
3191,phenotype
3192,phenotypic
3193,philadelphia
3194,phosphate
3195,phosphodiesterase
3196,phosphoguanine
3197,phosphoguanosine
3198,phylogenetic
3199,physical
3200,physicochemical
3201,physiological
3202,phytochemical
3203,picture
3204,pile
3205,pilot
3206,pin
3207,pipeline
3208,pitfalls
3209,pivotal
3210,pl
3211,pla
3212,place
3213,placebo
3214,placebocontrolled
3215,places
3216,plan
3217,plandostudyact
3218,planned
3219,plans
3220,plant
3221,plants
3222,plasma
3223,platforms
3224,plausible
3225,play
3226,plays
3227,pleiotropic
3228,plus
3229,plwh
3230,pma
3231,pmc
3232,pmol
3233,pneumocystis
3234,pneumonia
3235,point
3236,pointes
3237,points
3238,policies
3239,policy
3240,political
3241,polyarteritis
3242,polyarthralgia
3243,polyarthritis
3244,polylactic
3245,polymerase
3246,polyphenols
3247,polyvinyl
3248,polyvinylpyrrolidone
3249,pooled
3250,pooling
3251,poor
3252,poorer
3253,poorest
3254,poorly
3255,population
3256,populations
3257,portable
3258,portal
3259,portion
3260,pose
3261,posed
3262,poses
3263,positioned
3264,positive
3265,positivity
3266,possess
3267,possessed
3268,possessing
3269,possibilities
3270,possibility
3271,possible
3272,possibly
3273,post
3274,postinjection
3275,postintervention
3276,postlicensure
3277,postmarketing
3278,postoperative
3279,postpartum
3280,postvaccination
3281,potency
3282,potent
3283,potential
3284,potentiality
3285,potentially
3286,powerful
3287,ppi
3288,ppis
3289,practical
3290,practice
3291,practices
3292,pre
3293,prec
3294,precautions
3295,preclinical
3296,precore
3297,precorerelated
3298,predict
3299,predicted
3300,predicting
3301,prediction
3302,predictive
3303,predictor
3304,predictors
3305,predischarge
3306,predominant
3307,predominantly
3308,preexisting
3309,preexposure
3310,preferably
3311,preference
3312,preferential
3313,preferred
3314,prefusion
3315,pregnancy
3316,pregnant
3317,prelicensure
3318,premises
3319,prep
3320,prepandemic
3321,preparation
3322,prepare
3323,prepared
3324,preparedness
3325,preparing
3326,preprint
3327,preregistered
3328,pres
3329,prescribed
3330,prescribers
3331,prescribing
3332,presence
3333,presensitization
3334,present
3335,presented
3336,presenting
3337,presently
3338,presents
3339,preserve
3340,press
3341,pressing
3342,pressure
3343,presumably
3344,presymptomatic
3345,prevaccination
3346,prevalence
3347,prevalent
3348,prevent
3349,preventable
3350,preventative
3351,prevented
3352,preventing
3353,prevention
3354,preventive
3355,previous
3356,previously
3357,price
3358,prices
3359,pricing
3360,primary
3361,primates
3362,principal
3363,print
3364,prior
3365,prioritize
3366,prioritized
3367,prioritizing
3368,priority
3369,private
3370,pro
3371,proactively
3372,proapoptotic
3373,probabilistic
3374,probability
3375,probable
3376,probably
3377,problem
3378,problems
3379,proceeding
3380,process
3381,processed
3382,processes
3383,processing
3384,produce
3385,produced
3386,producibility
3387,producing
3388,product
3389,production
3390,products
3391,professional
3392,professionals
3393,profile
3394,profiles
3395,proforma
3396,profoundly
3397,progenitors
3398,prognosis
3399,prognostic
3400,program
3401,programmatically
3402,programme
3403,programmes
3404,programs
3405,progress
3406,progressed
3407,progressing
3408,progression
3409,progressive
3410,proinflammatory
3411,project
3412,projects
3413,proliferating
3414,prolongation
3415,prolonged
3416,prominent
3417,promise
3418,promising
3419,promote
3420,promoted
3421,promotes
3422,promotion
3423,prompted
3424,pronounced
3425,propagation
3426,propensity
3427,proper
3428,properly
3429,properties
3430,property
3431,prophylactic
3432,prophylactics
3433,prophylaxis
3434,propolis
3435,proportion
3436,proportions
3437,propose
3438,proposed
3439,pros
3440,prospective
3441,prospectively
3442,prospero
3443,protease
3444,protect
3445,protected
3446,protecting
3447,protection
3448,protective
3449,protein
3450,proteinbased
3451,proteinprotein
3452,proteins
3453,proteinuria
3454,proteolytic
3455,proteomics
3456,prothrombin
3457,protocol
3458,protocols
3459,prototype
3460,proved
3461,proven
3462,proves
3463,provide
3464,provided
3465,provider
3466,providers
3467,provides
3468,providing
3469,provinces
3470,provoked
3471,proximal
3472,public
3473,publications
3474,publics
3475,published
3476,pubmed
3477,pulmonary
3478,punctured
3479,purpose
3480,purposed
3481,purposes
3482,purposive
3483,pursuing
3484,pushed
3485,put
3486,putative
3487,puts
3488,pva
3489,pvalue
3490,pvp
3491,pwid
3492,py
3493,pyrexia
3494,qalys
3495,qing
3496,qt
3497,qtdrugs
3498,qtprolongation
3499,qualification
3500,qualified
3501,qualify
3502,qualitative
3503,quality
3504,qualityadjusted
3505,quantification
3506,quantified
3507,quantify
3508,quantitative
3509,quarantine
3510,quarantines
3511,quarter
3512,questionnaire
3513,questions
3514,quetiapine
3515,quickly
3516,quite
3517,quo
3518,r
3519,race
3520,raced
3521,racing
3522,racism
3523,radicalscavenging
3524,radiological
3525,radiologists
3526,raised
3527,raises
3528,raising
3529,random
3530,randomeffects
3531,randomised
3532,randomization
3533,randomized
3534,randomly
3535,range
3536,ranged
3537,ranging
3538,rapid
3539,rapidly
3540,rare
3541,rarely
3542,ras
3543,rash
3544,rate
3545,rates
3546,rather
3547,ratio
3548,rational
3549,rationale
3550,ratios
3551,ravaging
3552,raw
3553,rct
3554,rcts
3555,rdrp
3556,rdv
3557,reach
3558,reached
3559,reaching
3560,reaction
3561,reactions
3562,reactivated
3563,reactivates
3564,reactivation
3565,reactive
3566,reactogenicities
3567,reactogenicity
3568,readers
3569,ready
3570,realistic
3571,realistically
3572,reason
3573,reasons
3574,reassuring
3575,recall
3576,receipt
3577,receive
3578,received
3579,receiver
3580,receives
3581,receiving
3582,recent
3583,recently
3584,receptor
3585,receptormediated
3586,receptors
3587,receptort
3588,recipient
3589,recipients
3590,recognition
3591,recombinant
3592,recombivaxhb
3593,recommend
3594,recommendation
3595,recommendations
3596,recommended
3597,recommends
3598,record
3599,recorded
3600,records
3601,recovered
3602,recovery
3603,recruit
3604,recruited
3605,recurrence
3606,recurrencefree
3607,redouble
3608,reduce
3609,reduced
3610,reduces
3611,reducing
3612,reduction
3613,reengage
3614,reference
3615,references
3616,referred
3617,referring
3618,refined
3619,reflect
3620,reflecting
3621,reflection
3622,refractoriness
3623,refractory
3624,refusal
3625,regard
3626,regarded
3627,regarding
3628,regardless
3629,regenerationrelated
3630,regenerative
3631,regimen
3632,regimens
3633,region
3634,regional
3635,regions
3636,regionspecific
3637,register
3638,registered
3639,registration
3640,registry
3641,regression
3642,regularly
3643,regulate
3644,regulated
3645,regulating
3646,regulation
3647,regulatory
3648,reinfected
3649,reinfection
3650,reinforce
3651,reinforcing
3652,reject
3653,relapsed
3654,related
3655,relates
3656,relation
3657,relationship
3658,relationships
3659,relative
3660,relatively
3661,release
3662,released
3663,releases
3664,releasing
3665,relevance
3666,relevant
3667,relied
3668,relief
3669,relieve
3670,relieves
3671,reluctant
3672,rely
3673,remain
3674,remained
3675,remaining
3676,remains
3677,remarkable
3678,remarkably
3679,remdesivir
3680,remedial
3681,reminiscent
3682,remission
3683,remittingrecurrent
3684,removal
3685,removed
3686,renal
3687,reninangiotensin
3688,repair
3689,repairing
3690,repairs
3691,reperfusion
3692,replication
3693,report
3694,reported
3695,reporting
3696,reports
3697,repositioned
3698,repositioning
3699,represent
3700,representing
3701,represents
3702,repression
3703,reproductive
3704,repurposing
3705,require
3706,required
3707,requirement
3708,requirements
3709,requires
3710,requiring
3711,research
3712,researchers
3713,researches
3714,resection
3715,reservoir
3716,residence
3717,residents
3718,resistance
3719,resolution
3720,resolve
3721,resolved
3722,resourcelimited
3723,resources
3724,respect
3725,respective
3726,respectively
3727,respiration
3728,respiratory
3729,respond
3730,responded
3731,respondents
3732,responders
3733,response
3734,responses
3735,responsible
3736,responsiveness
3737,rest
3738,restoration
3739,restore
3740,restriction
3741,result
3742,resulted
3743,resulting
3744,results
3745,retaining
3746,retention
3747,retested
3748,retinopathy
3749,retrieved
3750,retrospective
3751,retrospectively
3752,return
3753,revaccinate
3754,revaccination
3755,revealed
3756,reveals
3757,reversal
3758,reverse
3759,reversetranscribed
3760,review
3761,reviewed
3762,reviewers
3763,reviewing
3764,reviews
3765,revised
3766,rhbcag
3767,rhbsag
3768,rheumatic
3769,rhythm
3770,ribavirin
3771,rigorously
3772,rise
3773,rising
3774,risk
3775,riskbenefit
3776,riskofbias
3777,risks
3778,risperidone
3779,ritonavir
3780,rituximab
3781,rna
3782,rnabased
3783,rnadependent
3784,rnas
3785,robust
3786,robustness
3787,role
3788,roles
3789,rollout
3790,room
3791,roots
3792,route
3793,routes
3794,routine
3795,routinely
3796,rr
3797,rrr
3798,rrs
3799,rtmi
3800,rtpcr
3801,rtx
3802,run
3803,rural
3804,russia
3805,rzv
3806,safe
3807,safely
3808,safety
3809,sage
3810,saline
3811,sample
3812,sampled
3813,samples
3814,sampling
3815,sardinia
3816,sars
3817,sarscov
3818,sarscovii
3819,sarsrelated
3820,sativa
3821,sativum
3822,save
3823,saved
3824,saving
3825,savings
3826,sc
3827,scale
3828,scalefree
3829,scaleup
3830,scaling
3831,scarce
3832,scarcity
3833,scenario
3834,scenarios
3835,schedule
3836,schedules
3837,scholar
3838,scibvac
3839,science
3840,sciences
3841,scientific
3842,scientists
3843,scoping
3844,scopus
3845,score
3846,scorematched
3847,scores
3848,screened
3849,screening
3850,scutellaria
3851,sd
3852,se
3853,search
3854,searched
3855,searches
3856,searching
3857,seasonal
3858,second
3859,secondary
3860,secondgeneration
3861,secretary
3862,secreting
3863,secretion
3864,secretome
3865,secretory
3866,section
3867,sections
3868,sector
3869,sectors
3870,secure
3871,security
3872,seeking
3873,seems
3874,seen
3875,seir
3876,select
3877,selected
3878,selection
3879,selective
3880,selects
3881,selenium
3882,selfadministered
3883,selfassembly
3884,selflimiting
3885,selfprotection
3886,selfreport
3887,selfreported
3888,semistructured
3889,sense
3890,sensitive
3891,sensitivity
3892,sensitize
3893,separate
3894,separated
3895,separately
3896,sepsis
3897,septic
3898,sequalae
3899,sequelae
3900,sequence
3901,sequences
3902,sequencing
3903,sequential
3904,sequentially
3905,series
3906,serine
3907,serious
3908,seriously
3909,seroclearance
3910,seroconversion
3911,seroconvert
3912,seroconverted
3913,serologic
3914,serological
3915,serologies
3916,serology
3917,serologybased
3918,seronegative
3919,seropositive
3920,seropositivity
3921,seroprotection
3922,seroprotective
3923,seroreversion
3924,serostatus
3925,sertoluzimab
3926,serum
3927,serve
3928,servers
3929,service
3930,services
3931,serving
3932,set
3933,sets
3934,setting
3935,settings
3936,setup
3937,seven
3938,several
3939,severe
3940,severely
3941,severity
3942,sex
3943,sexual
3944,shall
3945,shape
3946,shared
3947,shares
3948,shed
3949,shock
3950,short
3951,shorten
3952,shortening
3953,shorter
3954,shortterm
3955,shot
3956,shots
3957,show
3958,showed
3959,showing
3960,shown
3961,shows
3962,sickness
3963,side
3964,sided
3965,sierra
3966,sign
3967,signal
3968,signaling
3969,signalling
3970,signals
3971,significance
3972,significant
3973,significantly
3974,signs
3975,silac
3976,silencing
3977,silvestrol
3978,similar
3979,similarities
3980,similarity
3981,similarly
3982,simplified
3983,simulate
3984,simulated
3985,simulation
3986,simulations
3987,simultaneous
3988,simultaneously
3989,since
3990,sinensis
3991,single
3992,singleantigen
3993,singlearm
3994,singleblind
3995,singlestranded
3996,singularly
3997,sinopharm
3998,sinovac
3999,site
4000,sites
4001,situation
4002,situations
4003,six
4004,size
4005,skepticism
4006,skin
4007,slightly
4008,slow
4009,slowly
4010,small
4011,smallmolecule
4012,smallpox
4013,sobering
4014,social
4015,socialcultural
4016,societal
4017,societies
4018,society
4019,sociodemographic
4020,socioeconomic
4021,sofosbuvir
4022,solid
4023,solutions
4024,sometimes
4025,somewhat
4026,sonography
4027,soon
4028,sorted
4029,sot
4030,sotetsuflavone
4031,sought
4032,source
4033,sources
4034,south
4035,southeast
4036,southern
4037,soybean
4038,sparse
4039,speaking
4040,special
4041,specialised
4042,specialized
4043,specialties
4044,species
4045,specific
4046,specifically
4047,specificity
4048,specifics
4049,specimens
4050,speed
4051,speeds
4052,spending
4053,spice
4054,spike
4055,spite
4056,spleens
4057,spleensystems
4058,splenectomy
4059,splenic
4060,splenomegaly
4061,spontaneous
4062,spp
4063,spr
4064,spread
4065,spreads
4066,sprs
4067,spss
4068,ssa
4069,st
4070,stability
4071,stabilityputting
4072,stabilized
4073,stable
4074,staff
4075,stage
4076,stages
4077,stakeholder
4078,stance
4079,standard
4080,standarderythema
4081,standardised
4082,start
4083,started
4084,starting
4085,state
4086,stated
4087,statement
4088,states
4089,statespecific
4090,statistic
4091,statistical
4092,statistically
4093,status
4094,stay
4095,steadily
4096,stem
4097,step
4098,steroids
4099,still
4100,stimulate
4101,stimulated
4102,stimulating
4103,stimulation
4104,stitching
4105,stomach
4106,stop
4107,stopping
4108,storage
4109,stored
4110,storm
4111,storms
4112,strains
4113,strategies
4114,strategy
4115,stratification
4116,stratified
4117,strength
4118,strengthen
4119,strong
4120,stronger
4121,strongly
4122,structure
4123,structured
4124,structures
4125,students
4126,studied
4127,studies
4128,study
4129,subclass
4130,subclinical
4131,subcutaneous
4132,subdetection
4133,subgenotype
4134,subgenus
4135,subgroups
4136,subject
4137,subjected
4138,subjects
4139,submitted
4140,subsaharan
4141,subsequent
4142,subsequently
4143,subset
4144,subsets
4145,substances
4146,substantial
4147,substantially
4148,substitute
4149,subunit
4150,success
4151,successes
4152,successful
4153,successfully
4154,sudan
4155,suffer
4156,suffering
4157,sufficiency
4158,sufficient
4159,suggest
4160,suggested
4161,suggesting
4162,suggestion
4163,suggestions
4164,suggestive
4165,suggests
4166,suitable
4167,suited
4168,sumac
4169,summarised
4170,summarises
4171,summarize
4172,summarized
4173,summarizes
4174,summarizing
4175,summary
4176,summer
4177,sunlight
4178,superior
4179,supervising
4180,supervision
4181,supplementation
4182,supplies
4183,supply
4184,supplyside
4185,support
4186,supported
4187,supporting
4188,supportive
4189,supports
4190,suppress
4191,suppresses
4192,suppression
4193,surface
4194,surgical
4195,surrounding
4196,surveillance
4197,survey
4198,surveyed
4199,surveys
4200,survival
4201,survivors
4202,susceptibility
4203,susceptible
4204,sustain
4205,sustainable
4206,sustained
4207,svr
4208,switch
4209,switched
4210,switchto
4211,switzerland
4212,symptom
4213,symptomatic
4214,symptoms
4215,syncope
4216,syncytial
4217,syndrome
4218,syndromecoronavirus
4219,syndromes
4220,syndromic
4221,synergic
4222,synthesis
4223,synthesize
4224,synthetic
4225,system
4226,systematic
4227,systematically
4228,systemic
4229,systems
4230,tablet
4231,tackle
4232,taf
4233,tail
4234,tailor
4235,tailored
4236,take
4237,takeaways
4238,taken
4239,taking
4240,tale
4241,tannins
4242,tanzania
4243,target
4244,targeted
4245,targeting
4246,targets
4247,targetspecific
4248,taskforce
4249,tav
4250,tcell
4251,tcm
4252,tcmherbmeridian
4253,td
4254,tdf
4255,tdp
4256,tea
4257,team
4258,technical
4259,technicians
4260,technique
4261,techniques
4262,technological
4263,technologies
4264,technology
4265,telbivudine
4266,telephone
4267,template
4268,ten
4269,tends
4270,tenet
4271,tenofovir
4272,tens
4273,term
4274,termed
4275,termini
4276,terms
4277,terpenoids
4278,territories
4279,tertiary
4280,tertiarycenters
4281,test
4282,tested
4283,testing
4284,tests
4285,th
4286,thalassemia
4287,thanks
4288,theatre
4289,themes
4290,theoretical
4291,therapeutic
4292,therapeutics
4293,therapies
4294,therapy
4295,therapyareas
4296,thereby
4297,therefore
4298,third
4299,thirdgeneration
4300,thirteen
4301,thirty
4302,thirtyfour
4303,thorough
4304,thoroughly
4305,though
4306,threat
4307,threatening
4308,threatens
4309,three
4310,threedose
4311,thresholds
4312,thrombocytes
4313,thromboembolic
4314,thromboembolism
4315,thrombosis
4316,thrombotic
4317,throughout
4318,thus
4319,thymus
4320,tight
4321,tightly
4322,till
4323,time
4324,timeline
4325,timeliness
4326,timely
4327,times
4328,timing
4329,tinnitus
4330,tips
4331,tissue
4332,tissues
4333,titer
4334,titers
4335,titles
4336,titre
4337,titres
4338,tlr
4339,tn
4340,tnf
4341,tnfalpha
4342,tocilizumab
4343,together
4344,tolerance
4345,tolerated
4346,toll
4347,tolls
4348,took
4349,tool
4350,tools
4351,topic
4352,topological
4353,torsade
4354,total
4355,touted
4356,tovg
4357,toward
4358,towards
4359,toxic
4360,toxicity
4361,track
4362,tracking
4363,tract
4364,traditional
4365,traditionally
4366,tragic
4367,trainees
4368,training
4369,transaminase
4370,transcription
4371,transcriptional
4372,transfected
4373,transfer
4374,transferred
4375,transient
4376,translate
4377,translated
4378,translational
4379,transmembrane
4380,transmission
4381,transmitted
4382,transparent
4383,transplant
4384,transplantation
4385,transplanted
4386,travelers
4387,treat
4388,treatb
4389,treated
4390,treating
4391,treatment
4392,treatmentnaive
4393,treatments
4394,tremendous
4395,trend
4396,trial
4397,trials
4398,triantigenic
4399,tries
4400,trillions
4401,trimester
4402,triumphs
4403,trivial
4404,trojan
4405,trust
4406,trusted
4407,ttest
4408,tuberculosis
4409,tubular
4410,tumor
4411,tumors
4412,tumours
4413,turn
4414,twelve
4415,twenty
4416,twentyfive
4417,twentyone
4418,twentythree
4419,two
4420,twodose
4421,type
4422,types
4423,typhoid
4424,typically
4425,tyrosine
4426,u
4427,uganda
4428,ugandan
4429,uk
4430,ul
4431,ulcers
4432,ultimately
4433,unanticipated
4434,unavailability
4435,uncertainty
4436,unclear
4437,uncommon
4438,uncontrollable
4439,uncontrolled
4440,undergoing
4441,underlying
4442,underpinning
4443,understand
4444,understandable
4445,understanding
4446,understood
4447,understudied
4448,undertake
4449,undertaken
4450,undertaking
4451,underway
4452,underwent
4453,undetectable
4454,unethical
4455,unfeasible
4456,unfolding
4457,unfolds
4458,uniformed
4459,uniformity
4460,unilateral
4461,unimmunized
4462,unique
4463,unit
4464,united
4465,univariable
4466,universal
4467,university
4468,unknown
4469,unless
4470,unlike
4471,unlikely
4472,unmanageable
4473,unnecessary
4474,unparalleled
4475,unprecedented
4476,unpredictable
4477,unrelated
4478,unrelenting
4479,unresolved
4480,unsettled
4481,unsure
4482,untoward
4483,untreated
4484,unvaccinated
4485,unwilling
4486,update
4487,updated
4488,updating
4489,upon
4490,upper
4491,upregulated
4492,uptake
4493,uptodate
4494,urgent
4495,urgently
4496,urticaria
4497,urticarial
4498,us
4499,usa
4500,usage
4501,usd
4502,use
4503,used
4504,useful
4505,usefulness
4506,usfda
4507,using
4508,usually
4509,utility
4510,utilization
4511,utilize
4512,utilized
4513,utilizing
4514,uv
4515,vaccinate
4516,vaccinated
4517,vaccination
4518,vaccinationrate
4519,vaccinationrelated
4520,vaccinations
4521,vaccinationspecific
4522,vaccine
4523,vaccineassociated
4524,vaccineboosted
4525,vaccinecoverage
4526,vaccinehesitant
4527,vaccineinduced
4528,vaccinepreventable
4529,vaccines
4530,vaccinology
4531,vaers
4532,vaginal
4533,vah
4534,validate
4535,validated
4536,validation
4537,valuable
4538,valuation
4539,valued
4540,values
4541,variability
4542,variable
4543,variables
4544,variants
4545,varied
4546,variety
4547,various
4548,vary
4549,varying
4550,vascular
4551,vasculitis
4552,vasodilator
4553,vc
4554,vector
4555,vectors
4556,vehicles
4557,venous
4558,ventilation
4559,ventilator
4560,verified
4561,verify
4562,version
4563,versus
4564,vertebrate
4565,vertical
4566,vertigo
4567,vesicles
4568,vesicular
4569,vestibulotoxicity
4570,via
4571,viability
4572,vietnam
4573,view
4574,viewpoint
4575,views
4576,vintage
4577,viraemic
4578,viral
4579,viralvectorbased
4580,viremia
4581,virions
4582,virologic
4583,virological
4584,virology
4585,virtual
4586,virulence
4587,virus
4588,viruses
4589,virushost
4590,viruslikeparticlebased
4591,virusrelated
4592,visited
4593,visits
4594,vital
4595,vitamin
4596,vitamins
4597,vitro
4598,vivo
4599,viz
4600,voice
4601,volunteers
4602,vqr
4603,vs
4604,vulgaris
4605,vulnerable
4606,vzv
4607,wait
4608,wanfang
4609,waning
4610,war
4611,warn
4612,warned
4613,warning
4614,warp
4615,warranted
4616,wave
4617,way
4618,ways
4619,wealth
4620,web
4621,website
4622,week
4623,weeks
4624,weighing
4625,weight
4626,well
4627,welldesigned
4628,welltolerated
4629,wen
4630,west
4631,western
4632,whatever
4633,whereas
4634,whether
4635,whilst
4636,white
4637,whitney
4638,whoever
4639,whole
4640,whos
4641,whose
4642,wide
4643,widely
4644,widening
4645,widespread
4646,willing
4647,willingness
4648,willingnesstopay
4649,windows
4650,winter
4651,wintertime
4652,wish
4653,withholding
4654,within
4655,without
4656,women
4657,word
4658,words
4659,work
4660,worked
4661,workers
4662,workflow
4663,working
4664,workload
4665,workplace
4666,world
4667,worlds
4668,worldwide
4669,worse
4670,worsening
4671,worthy
4672,would
4673,wreaked
4674,writing
4675,wtp
4676,wuhan
4677,wwwclinicaltrialsgov
4678,x
4679,year
4680,yearold
4681,years
4682,yen
4683,yenimahalle
4684,yes
4685,yet
4686,yongin
4687,young
4688,younger
4689,zero
4690,zhuang
4691,zika
4692,zinc
4693,zingiber
4694,zone
4695,zoonotic
4696,zoster
