,terms,freq
0,_tf,24454
1,_ts,1739
2,_tw,4697
3,abatacept,9
4,abbreviations,1
5,ability,8
6,able,3
7,abnormal,3
8,abroad,1
9,absence,6
10,absolute,3
11,abstracts,1
12,abundant,1
13,academia,1
14,academic,2
15,academy,2
16,accelerate,2
17,accelerated,1
18,accelerating,1
19,accept,6
20,acceptability,3
21,acceptable,1
22,acceptance,7
23,accepted,2
24,accepting,1
25,access,6
26,accessibility,1
27,accompanied,2
28,accomplish,1
29,accordance,1
30,according,13
31,account,3
32,accounts,1
33,accruing,1
34,accuracy,2
35,ace,8
36,aceexpressiondisordercaused,1
37,achieve,11
38,achieved,7
39,achievement,1
40,achievements,1
41,achieving,10
42,acid,5
43,acids,2
44,acip,9
45,acips,2
46,acquire,2
47,acquired,3
48,acquiring,1
49,acquisition,1
50,across,11
51,act,6
52,action,7
53,actions,1
54,activate,1
55,activation,4
56,active,4
57,activities,6
58,activitiesimportance,1
59,activity,10
60,acute,60
61,acutechronic,1
62,adaptive,3
63,added,2
64,addition,15
65,additional,15
66,additionally,4
67,addon,7
68,address,5
69,addressed,2
70,addresses,1
71,addressing,1
72,ade,8
73,adefovir,2
74,adenopathy,5
75,adenosine,1
76,adequate,5
77,adequately,1
78,adherence,9
79,adiposederived,1
80,adjunct,1
81,adjust,1
82,adjusted,7
83,adjusting,3
84,adjuvant,5
85,adjuvanted,4
86,administer,1
87,administered,16
88,administering,2
89,administration,39
90,administrationin,1
91,administrations,1
92,administrative,1
93,administrators,1
94,admission,4
95,admitted,2
96,adolescent,2
97,adolescents,5
98,adopted,1
99,adoptive,1
100,adult,12
101,adulthood,1
102,adults,30
103,advanced,10
104,advancements,2
105,advances,4
106,advantage,2
107,advantages,3
108,adverse,26
109,advice,1
110,advised,1
111,advisory,6
112,advocacy,1
113,advocate,1
114,ae,2
115,aes,4
116,affect,5
117,affected,11
118,affecting,2
119,affiliated,2
120,afflicted,1
121,afflicts,1
122,affordable,2
123,aforementioned,1
124,africa,9
125,african,6
126,afucosylated,3
127,age,50
128,aged,15
129,ageing,1
130,agematched,1
131,agency,1
132,agent,14
133,agents,21
134,ages,2
135,agespecific,1
136,agestructured,1
137,aggressive,1
138,agiho,1
139,agitation,1
140,ago,4
141,agree,1
142,agreed,4
143,ahbv,42
144,ahead,2
145,aid,1
146,aim,12
147,aimed,20
148,aiming,1
149,aims,16
150,air,1
151,airway,1
152,alafenamide,5
153,alanine,5
154,alappuzha,1
155,albumin,1
156,alcohol,1
157,alfaa,1
158,alfab,1
159,alike,1
160,alkaloid,1
161,allergic,6
162,allergies,1
163,allium,2
164,allocate,2
165,allocated,1
166,allocating,2
167,allocation,6
168,allogeneic,1
169,allohsct,2
170,allow,3
171,allowed,2
172,allowing,2
173,allows,2
174,almost,7
175,alone,7
176,along,5
177,alpha,8
178,alphaexpert,1
179,already,5
180,also,58
181,alt,2
182,alterations,2
183,alterative,1
184,altered,2
185,alternative,9
186,althea,1
187,although,17
188,alumadjuvanted,1
189,aluminum,1
190,alveolar,5
191,always,1
192,ambitious,1
193,ameliorate,1
194,america,1
195,american,3
196,americans,3
197,ami,8
198,amild,1
199,amino,1
200,aminotransferase,6
201,aminotransferases,1
202,aml,1
203,among,58
204,amongst,2
205,amount,2
206,amounted,1
207,amplifies,1
208,amplifying,1
209,anakinra,3
210,analog,2
211,analogs,1
212,analogues,7
213,analysed,1
214,analyses,7
215,analysis,39
216,analytical,1
217,analyze,8
218,analyzed,10
219,analyzing,2
220,anamnestic,1
221,anaphylaxis,9
222,ancient,1
223,andrographis,1
224,anemia,1
225,angeles,1
226,angiogenesis,1
227,angiotensin,2
228,angiotensinconverting,2
229,animal,2
230,animals,1
231,ankara,1
232,ann,1
233,announced,1
234,announcing,1
235,annual,1
236,annually,1
237,anonymously,1
238,another,2
239,answers,1
240,antagonist,1
241,antagonists,1
242,antenatal,2
243,antiapoptotic,2
244,antibacterial,1
245,antibodies,15
246,antibody,40
247,antibodybased,1
248,antibodydependent,3
249,anticancer,3
250,anticccdna,2
251,anticd,2
252,anticipating,1
253,anticoronavirus,1
254,anticovid,1
255,antiepidemic,1
256,antifibrogenic,1
257,antifibrotic,1
258,antifungal,1
259,antigen,41
260,antigenemia,1
261,antigenic,3
262,antigenpositive,3
263,antigens,3
264,antiglycoprotein,1
265,antihbc,7
266,antihbcpositive,2
267,antihbs,68
268,antihbsenriched,1
269,antihbv,6
270,antihemolytic,1
271,antihepatitisb,3
272,antiinflammatory,7
273,antiliver,5
274,antimalarial,3
275,antimalarials,4
276,antimicrobial,1
277,antioxidant,4
278,antiparasite,1
279,antiplatelet,2
280,antiproliferative,1
281,antipsychotics,9
282,antiretroviral,2
283,antirheumatic,1
284,antithrombotic,1
285,antitnf,5
286,antitumor,1
287,antiviral,79
288,antivirals,12
289,antivirus,1
290,anxiety,3
291,anytime,1
292,aor,9
293,aors,1
294,apart,3
295,apes,1
296,aplastic,1
297,apobecs,1
298,appear,3
299,appearance,1
300,appears,1
301,applicability,1
302,application,2
303,applications,3
304,applied,5
305,apply,1
306,appraise,1
307,appraises,1
308,appreciated,1
309,approach,19
310,approaches,14
311,appropriate,4
312,approval,4
313,approvals,1
314,approve,1
315,approved,16
316,approximately,5
317,april,4
318,ar,3
319,arab,1
320,ards,3
321,area,7
322,areahypothesis,1
323,areaofbirth,1
324,areas,11
325,areasaim,1
326,arise,1
327,arisen,1
328,arising,1
329,around,6
330,arr,1
331,array,1
332,arrhythmia,1
333,arsenal,1
334,art,6
335,arterial,1
336,arthritis,2
337,article,19
338,articles,12
339,ascs,2
340,asct,6
341,aseptically,1
342,asia,1
343,asian,3
344,asixmonthsperiod,1
345,asked,2
346,asking,1
347,aspect,2
348,aspects,4
349,assay,3
350,assays,2
351,assess,12
352,assessed,14
353,assessing,4
354,assessment,5
355,assessments,1
356,assigned,3
357,assist,1
358,associated,58
359,association,14
360,associations,4
361,assuming,1
362,assured,1
363,astrazeneca,1
364,astrazenecas,1
365,asymptomatic,5
366,atazanavir,1
367,atherosclerosis,1
368,atonomous,1
369,atrisk,3
370,attachment,1
371,attain,1
372,attainment,1
373,attempt,2
374,attempts,3
375,attention,11
376,attitude,1
377,attitudes,4
378,attracted,1
379,attracting,2
380,attractive,1
381,attracts,1
382,attributes,2
383,audiologic,1
384,augmented,1
385,august,6
386,auroc,2
387,authorisation,1
388,authorise,1
389,authorities,1
390,authority,1
391,authorization,4
392,authorized,5
393,authors,5
394,autohaemotherapy,1
395,autoimmune,1
396,autologous,1
397,auxiliary,1
398,availability,3
399,available,44
400,availably,1
401,average,7
402,averted,5
403,avoid,1
404,awaited,1
405,aware,4
406,awareness,9
407,away,1
408,axillary,6
409,aya,3
410,azithromycin,8
411,azm,6
412,b,23
413,background,33
414,bacterial,1
415,badly,1
416,baghdad,1
417,baicalensis,1
418,baicalin,1
419,balance,1
420,balb,2
421,band,1
422,bank,1
423,barcelona,1
424,baricinitib,2
425,barrier,2
426,barriers,20
427,base,4
428,based,33
429,baseline,7
430,basis,5
431,batch,2
432,bats,1
433,bcell,3
434,bcg,1
435,bcp,1
436,bear,1
437,bears,1
438,became,3
439,become,3
440,becomes,4
441,becoming,1
442,began,1
443,begin,1
444,beginning,3
445,behavioral,1
446,behind,2
447,beijing,1
448,belgium,1
449,belief,3
450,belonged,1
451,belonging,1
452,benchmark,2
453,beneficial,3
454,beneficiaries,1
455,benefit,9
456,benefited,1
457,benefiting,2
458,benefits,10
459,benefitsaverting,1
460,besides,2
461,best,4
462,beta,2
463,betacorona,1
464,betacoronavirus,2
465,betapropiolactone,1
466,betathalassemia,5
467,better,14
468,beyond,1
469,bias,4
470,bile,1
471,billions,1
472,bim,1
473,binary,1
474,bind,1
475,binding,3
476,bioactive,5
477,bioactives,2
478,biochemical,4
479,biochemistry,1
480,biologic,3
481,biological,10
482,biomarkers,8
483,biomimicry,1
484,biontech,4
485,biophysical,2
486,biopsies,1
487,biopsy,1
488,biorad,1
489,biotec,1
490,birth,21
491,birthabroad,1
492,births,3
493,bivariate,1
494,black,5
495,block,1
496,blocking,1
497,blood,15
498,bloodstream,1
499,blot,1
500,bmdcs,1
501,bmi,2
502,bntb,9
503,board,1
504,bodies,1
505,body,4
506,bodymass,1
507,bolus,2
508,bone,2
509,booster,15
510,boosters,5
511,boosting,1
512,born,13
513,bottom,1
514,boundaries,1
515,bowel,2
516,boys,1
517,brain,2
518,break,1
519,breakthrough,1
520,breast,2
521,breastfed,8
522,breastfeed,1
523,breastfeeding,3
524,breg,13
525,bregmediated,1
526,brewing,1
527,brief,1
528,bring,1
529,british,1
530,broad,3
531,broader,1
532,broadly,1
533,broadspectrum,2
534,bronchitis,1
535,bronze,1
536,brooklyn,2
537,bruton,1
538,btki,4
539,btkis,5
540,budget,1
541,buffered,1
542,buoyant,1
543,burden,10
544,burns,1
545,c,28
546,ca,1
547,calculate,1
548,calculated,2
549,calculations,1
550,calibrated,1
551,california,1
552,called,2
553,calling,1
554,cambridge,1
555,camellia,2
556,cameroon,1
557,camp,2
558,campaigns,2
559,canada,1
560,cancer,37
561,cancers,2
562,candidate,7
563,candidates,17
564,cansino,1
565,capability,1
566,capable,2
567,capacity,2
568,capita,2
569,capital,1
570,capsids,2
571,carboxymethyl,1
572,carcinoma,17
573,carcinomas,1
574,cardioprotective,1
575,cardiovascular,4
576,care,29
577,careful,2
578,carefully,1
579,caregiver,1
580,caregivers,7
581,carers,1
582,carried,2
583,carrier,3
584,carriers,3
585,carrying,2
586,cart,3
587,case,17
588,casecontrol,5
589,cases,41
590,caspase,1
591,catastrophic,1
592,categories,2
593,causal,1
594,causative,2
595,cause,12
596,caused,22
597,causes,15
598,causing,6
599,caution,2
600,cautionary,1
601,cautions,1
602,cautious,1
603,cccdna,10
604,cclg,1
605,cd,49
606,cdc,3
607,cell,18
608,cellmediated,1
609,cells,59
610,cellular,7
611,cellulose,1
612,center,1
613,centers,4
614,central,2
615,centre,3
616,centuries,1
617,century,2
618,certain,5
619,certainty,1
620,cessation,3
621,chain,3
622,chains,2
623,chair,1
624,challenge,8
625,challenged,1
626,challenges,10
627,challenging,2
628,chances,1
629,change,2
630,changes,6
631,characterised,1
632,characteristic,3
633,characteristics,17
634,characterization,3
635,characterize,1
636,characterized,6
637,characterizing,1
638,charge,2
639,chart,2
640,chb,13
641,chc,1
642,checked,1
643,checks,1
644,chemical,1
645,chemiluminescent,1
646,chemokines,1
647,chemotherapy,19
648,chemotherapyinduced,1
649,chi,4
650,chicago,1
651,chictrprc,1
652,chilblainlike,1
653,child,7
654,childhood,9
655,childpugh,4
656,children,76
657,childrens,1
658,chimeric,1
659,china,16
660,chinese,6
661,chisquare,3
662,chitosan,1
663,chloroquine,7
664,chlorpromazine,1
665,choice,1
666,choices,3
667,choosing,2
668,chq,2
669,chronic,82
670,chronically,4
671,chronicity,1
672,chymotrypsinlike,1
673,ci,85
674,cid,4
675,cids,2
676,cilostazol,5
677,circular,4
678,cirrhosis,29
679,cirrhotic,3
680,cis,3
681,cisgender,1
682,citations,2
683,cited,2
684,citizens,1
685,citrus,2
686,city,3
687,civil,1
688,cl,1
689,clarify,2
690,class,2
691,classes,2
692,classical,1
693,cld,4
694,clear,1
695,clearance,2
696,clearly,1
697,cleaved,1
698,clinic,6
699,clinical,118
700,clinically,4
701,clinicaltrialsgov,8
702,clinicians,4
703,clinics,1
704,cll,2
705,cloned,1
706,close,3
707,closed,4
708,closely,2
709,closest,1
710,clozapine,1
711,clustering,1
712,cmc,4
713,cmcdmns,4
714,cmia,1
715,cmn,1
716,cmns,1
717,cnbg,1
718,cnki,1
719,cny,2
720,coadministered,1
721,coadministration,2
722,coagulation,1
723,coagulopathy,1
724,coalitions,1
725,coating,4
726,cochrane,5
727,coding,1
728,coefficients,1
729,coexisting,1
730,coexpression,1
731,coexpressionproteins,1
732,cohort,20
733,cohorts,6
734,coinfection,3
735,colchicine,1
736,collaboration,1
737,collaborative,1
738,colleagues,2
739,collect,1
740,collected,11
741,collecting,1
742,collection,2
743,college,1
744,combat,3
745,combating,1
746,combination,23
747,combinations,1
748,combined,6
749,come,2
750,comes,2
751,commenced,1
752,commencing,1
753,commitment,2
754,committee,6
755,commodities,1
756,commodity,2
757,common,13
758,commonly,5
759,communicated,1
760,communication,4
761,communities,3
762,community,18
763,communitybased,1
764,comorbidities,2
765,comorbidity,1
766,companies,1
767,comparable,6
768,comparative,3
769,compare,8
770,compared,57
771,comparing,2
772,comparison,7
773,compassionate,1
774,compelling,1
775,competition,1
776,compile,1
777,compiled,2
778,compiling,1
779,complete,5
780,completed,9
781,completely,2
782,completing,3
783,completion,10
784,complex,4
785,complexation,1
786,complexities,1
787,complexity,2
788,compliance,2
789,complications,15
790,comply,1
791,component,5
792,components,6
793,composed,3
794,composition,3
795,compounded,1
796,compounds,1
797,comprehensive,4
798,comprehensively,1
799,comprise,1
800,comprises,1
801,computational,1
802,concentration,5
803,concentrations,4
804,concept,1
805,conceptual,1
806,concern,6
807,concerned,1
808,concerning,1
809,concerns,5
810,conclude,1
811,concluded,1
812,concludes,1
813,conclusion,26
814,conclusions,31
815,conclusive,1
816,concomitant,1
817,concomitantly,2
818,concurrent,3
819,concurrently,1
820,condition,8
821,conditional,2
822,conditions,7
823,conduct,1
824,conducted,21
825,confer,1
826,conferred,1
827,confidence,16
828,confident,2
829,confirm,2
830,confirmed,5
831,confirms,1
832,confounding,1
833,confront,1
834,confronted,1
835,confusion,2
836,conjunction,2
837,conjunctivitis,1
838,connected,2
839,connection,1
840,connective,1
841,cons,1
842,conscious,1
843,consecutive,2
844,consecutively,1
845,consensus,1
846,consent,5
847,consequences,5
848,consequent,1
849,consequently,2
850,conservative,2
851,conserved,2
852,consider,5
853,consideration,3
854,considerations,5
855,considered,20
856,considering,5
857,considers,1
858,consist,1
859,consistency,2
860,consistently,1
861,consisting,1
862,consists,2
863,consolidate,1
864,constitute,2
865,construct,3
866,constructed,1
867,constructs,1
868,consultants,2
869,consultations,1
870,consulted,1
871,consumed,1
872,consumption,1
873,contact,3
874,contacted,1
875,contagious,1
876,contained,1
877,containing,7
878,contains,2
879,contenders,1
880,context,3
881,contextual,2
882,contextualized,1
883,contextually,1
884,contingent,1
885,continuation,1
886,continue,4
887,continued,8
888,continues,4
889,continuity,1
890,continuous,1
891,continuously,2
892,contracted,1
893,contracting,2
894,contraindicating,2
895,contraindications,3
896,contrast,4
897,contribute,4
898,contributed,1
899,contributes,1
900,contributing,1
901,contributors,1
902,control,27
903,controlled,13
904,controlling,7
905,controls,15
906,controversial,2
907,convalescent,1
908,convenience,1
909,conventional,7
910,converted,1
911,converting,2
912,convolutional,1
913,cooperation,1
914,copd,3
915,cope,2
916,core,8
917,corerelated,4
918,corners,1
919,cornerstone,2
920,corona,1
921,coronary,1
922,coronavirus,107
923,coronaviruses,2
924,correlate,1
925,correlation,1
926,correlations,1
927,corresponding,1
928,corticosteroid,1
929,corticosteroids,3
930,cost,8
931,costeffective,3
932,costeffectiveness,10
933,costly,1
934,costs,12
935,costsaving,2
936,costutility,3
937,cotrimoxazole,1
938,cough,1
939,could,24
940,counseling,1
941,count,2
942,counteract,1
943,counterparts,1
944,counting,1
945,countries,24
946,country,4
947,counts,2
948,county,2
949,coupled,1
950,course,13
951,courses,1
952,covalently,4
953,cover,3
954,coverage,12
955,covered,6
956,covering,1
957,covers,1
958,covid,439
959,covidpositive,1
960,covidrelated,7
961,covs,1
962,cox,2
963,cpg,6
964,cpgp,2
965,cq,1
966,crd,3
967,create,1
968,created,2
969,credible,1
970,crediblemeds,1
971,crises,1
972,crisis,3
973,criteria,16
974,critical,14
975,critically,4
976,crosssectional,5
977,crs,1
978,crucial,11
979,crude,1
980,cryoglobulinemic,1
981,cryopreserved,1
982,cryptotanshinone,1
983,cs,4
984,ct,2
985,ctd,3
986,ctds,1
987,ctl,1
988,ctla,1
989,culture,3
990,cultures,1
991,cuminum,1
992,cumulative,2
993,curative,2
994,curativeintent,1
995,curb,1
996,curcumin,1
997,cure,15
998,cured,1
999,curfews,1
1000,curing,1
1001,curiosity,1
1002,current,44
1003,currently,28
1004,curriculum,1
1005,curve,1
1006,cusp,1
1007,customizable,1
1008,cutaneous,4
1009,cutoff,3
1010,cutting,1
1011,cv,7
1012,cycle,3
1013,cycles,4
1014,cyminum,1
1015,cytochromes,2
1016,cytokine,19
1017,cytokines,6
1018,cytomegalovirus,1
1019,cytometrybased,2
1020,cytosine,2
1021,cytotoxic,2
1022,daa,1
1023,daas,3
1024,dagger,2
1025,daily,3
1026,daly,6
1027,dalys,1
1028,damage,16
1029,damaged,2
1030,damages,1
1031,dampen,1
1032,dangerous,1
1033,dangers,1
1034,darunavir,1
1035,data,52
1036,database,9
1037,databases,9
1038,date,14
1039,day,12
1040,days,19
1041,ddi,2
1042,ddimer,2
1043,ddis,1
1044,de,4
1045,deadliest,1
1046,deadly,1
1047,dealt,1
1048,death,11
1049,deaths,11
1050,debated,1
1051,debates,1
1052,dec,1
1053,decades,4
1054,december,20
1055,decision,3
1056,decisionmaking,1
1057,decisions,2
1058,decisiontree,1
1059,declare,1
1060,declared,1
1061,decline,1
1062,declined,1
1063,decrease,9
1064,decreased,16
1065,decreases,3
1066,decreasing,2
1067,dedicated,1
1068,deepen,1
1069,defects,1
1070,defensin,1
1071,deferred,1
1072,deficiencies,1
1073,deficient,1
1074,defined,8
1075,definite,4
1076,definitely,3
1077,definitions,3
1078,definitive,2
1079,degradation,1
1080,degree,1
1081,degrees,3
1082,delay,1
1083,delays,1
1084,deleterious,1
1085,deliberate,3
1086,deliberations,2
1087,delirium,2
1088,deliver,3
1089,delivered,3
1090,delivering,1
1091,delivery,15
1092,deluge,1
1093,demand,8
1094,demanding,1
1095,demands,1
1096,demographic,2
1097,demographics,1
1098,demonstrate,8
1099,demonstrated,18
1100,demonstrates,2
1101,demonstrating,2
1102,dendrimers,1
1103,dendritic,3
1104,dengue,3
1105,denmark,2
1106,density,2
1107,denv,2
1108,department,1
1109,departments,1
1110,depend,1
1111,depending,1
1112,depends,1
1113,depletion,1
1114,deploy,2
1115,deployed,5
1116,deploying,1
1117,deployment,2
1118,depth,1
1119,derivation,2
1120,derivatives,2
1121,derive,1
1122,derived,2
1123,dermatitis,3
1124,dermatologists,1
1125,dermatology,1
1126,descended,1
1127,describe,7
1128,described,5
1129,describing,2
1130,descriptions,1
1131,descriptive,2
1132,design,17
1133,designation,1
1134,designed,4
1135,designif,1
1136,designing,3
1137,designs,1
1138,desire,1
1139,despite,17
1140,detail,4
1141,detailed,4
1142,details,2
1143,detectable,3
1144,detected,5
1145,detecting,1
1146,detection,4
1147,deterioration,1
1148,determinants,2
1149,determination,1
1150,determine,11
1151,determined,7
1152,determining,3
1153,detract,1
1154,devastating,2
1155,develop,16
1156,developed,18
1157,developers,1
1158,developing,5
1159,development,66
1160,developments,3
1161,dexamethasone,4
1162,diabetes,6
1163,diabetics,1
1164,diagnose,4
1165,diagnosed,4
1166,diagnosis,18
1167,diagnostic,1
1168,dialysis,3
1169,dichotomouschoice,1
1170,died,2
1171,differ,3
1172,difference,9
1173,differences,7
1174,different,46
1175,differential,5
1176,differentiation,1
1177,difficult,3
1178,difficulty,1
1179,diffuse,1
1180,digestive,1
1181,diluted,1
1182,diminished,1
1183,direct,5
1184,directacting,4
1185,directed,1
1186,directions,1
1187,directly,3
1188,disabilityadjusted,1
1189,disadvantage,1
1190,disadvantages,1
1191,disaster,1
1192,discharge,6
1193,discharged,4
1194,discontinuation,1
1195,discontinue,1
1196,discount,1
1197,discover,1
1198,discovery,2
1199,discuss,11
1200,discussed,13
1201,discusses,4
1202,discussing,1
1203,discussion,1
1204,discussions,1
1205,disease,122
1206,diseasecausing,4
1207,diseases,28
1208,diseasespecific,1
1209,disoproxil,12
1210,disorder,2
1211,disorders,3
1212,displayed,2
1213,disproportionately,2
1214,disrupt,1
1215,disrupted,1
1216,disrupting,1
1217,disruption,2
1218,disruptions,1
1219,dissect,1
1220,dissolution,1
1221,dissolved,1
1222,dissolving,3
1223,distal,1
1224,distancing,1
1225,distinct,4
1226,distress,9
1227,distribute,3
1228,distributed,1
1229,distribution,5
1230,distributions,1
1231,distrust,2
1232,disturbances,1
1233,ditan,1
1234,diverse,5
1235,diversity,1
1236,divided,4
1237,dizziness,1
1238,dlbcl,2
1239,dm,4
1240,dmns,3
1241,dna,41
1242,dnacontaining,1
1243,docking,1
1244,dockingbased,1
1245,doctors,1
1246,document,1
1247,documented,3
1248,documents,1
1249,domains,1
1250,domestic,9
1251,domesticallymade,3
1252,dominant,2
1253,dominated,1
1254,done,7
1255,donor,2
1256,dose,56
1257,doses,35
1258,dosing,1
1259,double,1
1260,doubleblinded,1
1261,doublebounded,1
1262,doubt,1
1263,doubtful,1
1264,downregulation,2
1265,downstream,2
1266,draining,1
1267,dramatic,1
1268,drastic,1
1269,drawn,1
1270,driven,1
1271,driver,1
1272,driving,3
1273,drug,40
1274,drugdrug,7
1275,drugrepurposing,1
1276,drugs,49
1277,dryness,1
1278,dualrelease,3
1279,duct,1
1280,due,25
1281,durable,1
1282,duration,12
1283,dying,1
1284,dynamic,1
1285,dynamics,1
1286,dynavax,1
1287,dysfunction,4
1288,dysfunctional,1
1289,dyspnoea,1
1290,dysregulation,2
1291,e,11
1292,earlier,4
1293,early,15
1294,easily,1
1295,east,5
1296,ebola,1
1297,ebv,2
1298,ecc,3
1299,echinacea,2
1300,economic,4
1301,economics,1
1302,economy,2
1303,ecosystem,1
1304,ecuador,2
1305,edema,1
1306,edge,2
1307,edition,1
1308,editorial,1
1309,education,6
1310,educational,2
1311,ee,1
1312,effect,27
1313,effective,66
1314,effectively,8
1315,effectiveness,11
1316,effector,1
1317,effects,43
1318,efficacious,5
1319,efficacy,62
1320,efficacyareas,1
1321,efficiency,5
1322,efficient,2
1323,effort,9
1324,efforts,11
1325,eg,4
1326,egypt,1
1327,eight,1
1328,eir,1
1329,either,13
1330,elapsed,1
1331,elastography,1
1332,elderly,2
1333,electronic,2
1334,electronically,1
1335,element,1
1336,elements,2
1337,elevated,5
1338,elevation,1
1339,elevations,2
1340,eleven,1
1341,eliberate,1
1342,elicit,2
1343,elicited,3
1344,eliciting,2
1345,eligibility,12
1346,eligible,11
1347,eliminate,5
1348,eliminating,4
1349,elimination,8
1350,elucidated,2
1351,elucidating,1
1352,ema,3
1353,embase,5
1354,emerged,5
1355,emergence,4
1356,emergency,15
1357,emerging,10
1358,emetine,1
1359,emirates,1
1360,emodin,1
1361,emphasis,1
1362,empirical,1
1363,employed,2
1364,employers,2
1365,employing,1
1366,employment,1
1367,employs,1
1368,empty,1
1369,emtricitabine,1
1370,enable,1
1371,enabling,1
1372,encapsulate,1
1373,encapsulation,1
1374,encodes,1
1375,encoding,2
1376,encompassing,1
1377,encourage,2
1378,encouraged,1
1379,encouraging,3
1380,end,4
1381,endangers,1
1382,endeavoring,1
1383,ended,1
1384,endemic,7
1385,endemicity,1
1386,endorsed,2
1387,endothelial,1
1388,endpoint,5
1389,endpoints,2
1390,endstage,5
1391,energy,1
1392,engage,1
1393,engagement,1
1394,engerixb,23
1395,engine,1
1396,england,1
1397,english,1
1398,enhance,2
1399,enhanced,3
1400,enhancement,3
1401,enhancer,1
1402,enhances,1
1403,enlightenment,1
1404,enough,1
1405,enriched,2
1406,enrichment,1
1407,enrolled,13
1408,ensued,1
1409,ensure,7
1410,ensuring,1
1411,entecavir,6
1412,entered,1
1413,enters,2
1414,entities,1
1415,entrusted,1
1416,entry,5
1417,envelope,4
1418,enveloped,4
1419,environment,1
1420,enzyme,4
1421,enzymes,1
1422,eosinopenia,1
1423,eosinophilic,1
1424,epidemic,8
1425,epidemiologic,3
1426,epidemiological,5
1427,epidemiology,3
1428,epigenetic,1
1429,epinephrine,1
1430,episodes,1
1431,episome,2
1432,epithelial,3
1433,epithelium,1
1434,epitopes,2
1435,epsteinbarr,1
1436,epub,1
1437,equal,1
1438,equally,3
1439,equipment,4
1440,equitable,2
1441,equity,1
1442,equivalence,3
1443,equivalent,1
1444,eradicate,4
1445,eradication,2
1446,eras,1
1447,erythrocytes,1
1448,esophagus,2
1449,especially,6
1450,essential,8
1451,establish,2
1452,established,7
1453,estimate,7
1454,estimated,7
1455,estimates,6
1456,estimating,1
1457,etc,5
1458,ethical,5
1459,ethics,1
1460,ethiopia,2
1461,ethnic,1
1462,ethnicity,2
1463,etiologic,1
1464,etiological,1
1465,etiologies,1
1466,etiology,3
1467,etr,2
1468,etv,7
1469,eu,1
1470,eua,7
1471,europe,1
1472,european,1
1473,evade,1
1474,evaluate,12
1475,evaluated,15
1476,evaluates,1
1477,evaluating,3
1478,evaluation,10
1479,evaluations,1
1480,even,10
1481,event,5
1482,events,19
1483,eventual,2
1484,ever,1
1485,every,2
1486,everyday,1
1487,evidence,30
1488,evidencebased,6
1489,evidenceinformed,1
1490,evident,1
1491,evokes,1
1492,evolution,1
1493,evolutionary,1
1494,evolve,1
1495,evolved,2
1496,evs,1
1497,ex,1
1498,exacerbation,2
1499,exact,2
1500,examination,1
1501,examine,3
1502,examined,6
1503,examines,2
1504,examining,1
1505,example,2
1506,examples,1
1507,exceeding,2
1508,exceedingly,1
1509,excellent,1
1510,except,2
1511,exception,1
1512,exceptional,1
1513,excerpta,1
1514,excessive,3
1515,exciting,1
1516,excluded,5
1517,excluding,1
1518,excretion,1
1519,exemplified,1
1520,exerts,2
1521,exhausted,1
1522,exhibited,2
1523,exhibits,1
1524,exist,5
1525,existence,3
1526,existing,9
1527,exists,1
1528,exit,1
1529,exosome,2
1530,exosomes,6
1531,expand,1
1532,expanded,1
1533,expanding,1
1534,expansion,1
1535,expectations,1
1536,expected,2
1537,expeditiously,1
1538,experience,10
1539,experienced,3
1540,experiences,1
1541,experiencing,3
1542,experiment,1
1543,experimental,5
1544,experiments,1
1545,expert,8
1546,expertise,1
1547,experts,1
1548,explain,1
1549,explanation,1
1550,exploited,2
1551,explore,1
1552,explores,1
1553,exploring,1
1554,exposed,7
1555,exposure,12
1556,express,2
1557,expressed,1
1558,expression,9
1559,expressions,4
1560,extend,1
1561,extended,1
1562,extension,1
1563,extensive,4
1564,extensively,2
1565,extent,2
1566,extracellular,1
1567,extract,2
1568,extracted,2
1569,extraction,1
1570,extrahepatic,2
1571,extraordinary,1
1572,extrapolated,1
1573,extrapulmonary,2
1574,extravascular,1
1575,extreme,1
1576,extremely,1
1577,exudation,2
1578,eya,1
1579,f,2
1580,face,2
1581,faced,2
1582,facetoface,1
1583,facets,1
1584,facilitate,4
1585,facilitated,3
1586,facilitators,1
1587,facilities,3
1588,facility,3
1589,facing,2
1590,fact,3
1591,factor,5
1592,factoralpha,1
1593,factors,29
1594,faecaloral,1
1595,failed,3
1596,failure,15
1597,falling,1
1598,familiar,1
1599,family,7
1600,far,9
1601,fascinating,1
1602,fast,4
1603,faster,3
1604,fatal,4
1605,fatality,1
1606,fate,1
1607,fatigue,2
1608,favipiravir,3
1609,favorable,9
1610,favourable,1
1611,fc,2
1612,fcgammariiia,2
1613,fda,8
1614,fdaapproved,4
1615,fear,1
1616,feasibility,2
1617,feasible,2
1618,feature,1
1619,features,7
1620,february,1
1621,female,3
1622,females,2
1623,ferritin,2
1624,fever,3
1625,fewer,3
1626,fibroscan,3
1627,fibrosis,16
1628,fibrous,2
1629,field,2
1630,fifteen,1
1631,fifth,1
1632,fiftyeight,1
1633,fight,5
1634,filled,2
1635,filtration,1
1636,final,1
1637,finally,4
1638,financial,1
1639,find,10
1640,finding,6
1641,findings,27
1642,finite,1
1643,fio,3
1644,first,30
1645,firstline,2
1646,fishers,2
1647,fitness,1
1648,five,13
1649,fixeddose,1
1650,flare,2
1651,flares,2
1652,flash,1
1653,flatline,2
1654,flavonoids,1
1655,flow,2
1656,fluids,2
1657,fluoroquinolone,1
1658,fnc,1
1659,focus,9
1660,focused,8
1661,focuses,5
1662,focusing,2
1663,fold,2
1664,follow,1
1665,followed,7
1666,following,15
1667,follows,3
1668,followup,9
1669,food,8
1670,forced,1
1671,forefront,1
1672,foreign,5
1673,foreignmade,2
1674,foremost,1
1675,form,4
1676,formaldehyde,1
1677,format,1
1678,formation,1
1679,formed,1
1680,formidable,1
1681,forming,1
1682,forms,1
1683,formula,1
1684,formulafed,2
1685,formulation,5
1686,formulations,1
1687,forsaken,1
1688,found,21
1689,four,10
1690,fourfold,1
1691,fourth,2
1692,fpv,1
1693,frailty,2
1694,frame,3
1695,framework,5
1696,free,3
1697,freeofcharge,1
1698,frequencies,5
1699,frequency,9
1700,frequent,5
1701,frequently,5
1702,frontline,1
1703,frontrunners,1
1704,fulfilled,2
1705,full,2
1706,fulllength,2
1707,fulltext,2
1708,fully,7
1709,fumarate,14
1710,function,8
1711,functional,8
1712,functions,7
1713,fundamental,1
1714,funded,1
1715,funding,3
1716,fungal,1
1717,furthermore,4
1718,futility,2
1719,future,19
1720,g,6
1721,ga,1
1722,gain,2
1723,gamaleya,1
1724,gamma,2
1725,gaps,1
1726,garlic,1
1727,gather,1
1728,gc,1
1729,genclip,1
1730,gender,2
1731,genderbased,1
1732,genderdisaggregated,1
1733,gendered,1
1734,gene,8
1735,genebased,3
1736,general,10
1737,generalized,1
1738,generally,4
1739,generate,5
1740,generated,2
1741,generations,1
1742,generic,2
1743,genes,2
1744,genetic,1
1745,geneva,2
1746,genome,7
1747,genomes,1
1748,genomic,1
1749,genotype,2
1750,genotypes,6
1751,genotyping,1
1752,geographic,1
1753,geographically,1
1754,geological,1
1755,geometric,3
1756,gestational,1
1757,get,3
1758,getting,1
1759,ghana,1
1760,ginseng,1
1761,girls,1
1762,give,2
1763,given,21
1764,glabra,3
1765,glaxosmithkline,1
1766,global,35
1767,globally,5
1768,globe,4
1769,globulin,3
1770,glomerulonephritis,2
1771,glucocorticoid,1
1772,glucocorticoids,2
1773,glycan,1
1774,glycoprotein,5
1775,glycoproteins,1
1776,glycosylation,1
1777,glycyrrhiza,2
1778,gmc,11
1779,go,2
1780,goal,9
1781,goals,5
1782,going,1
1783,goldstandard,1
1784,good,4
1785,google,4
1786,government,4
1787,governments,1
1788,governorate,1
1789,gprotein,1
1790,grade,6
1791,grades,1
1792,grading,2
1793,gradually,2
1794,granzyme,1
1795,graph,1
1796,great,10
1797,greater,13
1798,greatest,2
1799,green,1
1800,gross,2
1801,groundbreaking,1
1802,grounds,1
1803,group,58
1804,grouped,1
1805,groups,22
1806,growing,3
1807,growth,3
1808,guangxi,1
1809,guaranteed,1
1810,guardians,2
1811,guidance,2
1812,guide,4
1813,guideline,3
1814,guidelines,21
1815,guiding,1
1816,h,3
1817,haematological,1
1818,half,4
1819,halt,1
1820,hamper,1
1821,hamster,1
1822,harboured,1
1823,harm,1
1824,harmful,2
1825,harness,1
1826,hav,2
1827,havoc,1
1828,hazard,1
1829,hb,27
1830,hbc,3
1831,hbcab,2
1832,hbcabs,3
1833,hbcrag,17
1834,hbd,7
1835,hbeag,17
1836,hbeagpositive,4
1837,hbig,3
1838,hbm,2
1839,hbo,3
1840,hbs,5
1841,hbsab,16
1842,hbsabseronegative,4
1843,hbsabseropositive,2
1844,hbsag,57
1845,hbsagcoated,1
1846,hbsagnegative,2
1847,hbsagpla,4
1848,hbsagpositive,7
1849,hbv,292
1850,hbvac,8
1851,hbvaccine,1
1852,hbvaccinecoverage,1
1853,hbvcured,1
1854,hbvdna,2
1855,hbvinfected,5
1856,hbviss,1
1857,hbvmediated,1
1858,hbvmonoinfected,1
1859,hbvrelated,3
1860,hbvspecific,1
1861,hbvtargeting,1
1862,hbx,2
1863,hbxis,5
1864,hcart,6
1865,hcc,36
1866,hcmv,2
1867,hcq,18
1868,hcv,26
1869,hcvassociated,1
1870,hcws,9
1871,hdc,5
1872,hdv,2
1873,headache,1
1874,headings,2
1875,health,74
1876,healthcare,25
1877,healthfacility,1
1878,healthy,17
1879,hearing,3
1880,heart,4
1881,hearts,1
1882,heavy,2
1883,held,1
1884,helicase,1
1885,help,6
1886,helpful,2
1887,hematologic,1
1888,hematological,1
1889,hematopoietic,2
1890,hence,2
1891,hepa,1
1892,hepadnaviral,1
1893,hepadnaviridae,1
1894,hepadnaviruses,2
1895,heparin,4
1896,heparins,2
1897,hepatectomy,3
1898,hepatidities,1
1899,hepatitis,30
1900,hepatitis b,277
1901,hepatitisbinfected,2
1902,hepatitisbrelated,6
1903,hepatitisbvaccine,1
1904,hepatitisbx,1
1905,hepatocellular,18
1906,hepatocyte,2
1907,hepatocytes,5
1908,hepatocytetransplanted,1
1909,hepatotoxicity,1
1910,hepatotropic,2
1911,hepb,11
1912,hepbalum,8
1913,hepbbd,11
1914,hepbcpg,13
1915,hepcpg,1
1916,heplisav,1
1917,heplisavb,39
1918,heralded,1
1919,herb,2
1920,herbal,6
1921,herbs,3
1922,herd,1
1923,herein,3
1924,herpes,1
1925,hesitancy,11
1926,hesitant,1
1927,heterogeneity,2
1928,heterogeneous,1
1929,hev,5
1930,high,67
1931,highdose,1
1932,higher,56
1933,highest,7
1934,highimpact,1
1935,highincome,1
1936,highlevel,3
1937,highlight,8
1938,highlighted,2
1939,highlighting,1
1940,highlights,4
1941,highly,9
1942,highquality,1
1943,highresponse,2
1944,highrisk,6
1945,hinges,1
1946,histology,1
1947,historical,3
1948,historically,1
1949,history,9
1950,hiv,18
1951,hivexposed,3
1952,hivinfected,9
1953,hivnegative,4
1954,hivpositive,9
1955,hivseropositive,1
1956,hla,1
1957,hold,1
1958,home,5
1959,homeostasis,1
1960,homoharringtonine,1
1961,hope,4
1962,hopefully,1
1963,hoping,1
1964,hopkins,1
1965,horizontal,2
1966,horse,1
1967,hospital,22
1968,hospitalisation,4
1969,hospitalised,4
1970,hospitalization,1
1971,hospitalizations,2
1972,hospitalized,3
1973,hospitals,3
1974,host,7
1975,hour,1
1976,hours,8
1977,household,2
1978,households,1
1979,however,40
1980,hpv,2
1981,hr,4
1982,https,2
1983,hua,1
1984,hub,2
1985,huge,2
1986,human,33
1987,humanized,1
1988,humans,9
1989,humoral,5
1990,hundred,4
1991,hurdle,2
1992,hyaline,1
1993,hydrophilicity,1
1994,hydroxychloroquine,12
1995,hygiene,3
1996,hyperbaric,1
1997,hypercoagulability,1
1998,hypercoagulation,1
1999,hypericum,1
2000,hyperimmune,1
2001,hyperinflammation,2
2002,hyperinflammatory,3
2003,hyperpermeability,1
2004,hyperplastic,2
2005,hypersensitivity,1
2006,hypertension,2
2007,hypoglycemia,1
2008,hyporesponsive,1
2009,hyporesponsiveness,1
2010,hypotheses,1
2011,hypothesis,4
2012,hypothesized,2
2013,hypoxemia,2
2014,ia,3
2015,ibd,12
2016,ibdspecific,1
2017,ic,2
2018,icc,3
2019,icer,1
2020,icers,4
2021,idc,1
2022,idcs,1
2023,ide,8
2024,idea,2
2025,ideally,2
2026,ideas,1
2027,identification,2
2028,identified,28
2029,identifier,1
2030,identify,13
2031,identifying,1
2032,identity,1
2033,ie,4
2034,ifn,22
2035,ifng,1
2036,ifngamma,2
2037,ifnmediated,2
2038,ifns,2
2039,igaspecific,1
2040,igg,7
2041,igga,1
2042,iggfc,1
2043,igm,1
2044,iguesterin,1
2045,ii,9
2046,iii,10
2047,iinduced,1
2048,il,14
2049,ilb,1
2050,ilbeta,1
2051,ill,1
2052,illness,7
2053,illnesses,2
2054,illustrates,1
2055,im,3
2056,imaging,1
2057,imatinib,1
2058,imbalance,3
2059,immature,1
2060,immediate,1
2061,immediately,5
2062,imminent,1
2063,immune,55
2064,immunemediated,1
2065,immuneresponse,1
2066,immunetolerant,2
2067,immunisation,2
2068,immunisations,1
2069,immunity,22
2070,immunization,30
2071,immunize,1
2072,immunized,2
2073,immunoassay,2
2074,immunodeficiency,3
2075,immunodeficient,1
2076,immunogenic,1
2077,immunogenicity,15
2078,immunoglobulin,6
2079,immunoglobulins,2
2080,immunohistochemistry,1
2081,immunoinformatic,2
2082,immunological,10
2083,immunology,1
2084,immunomodulating,2
2085,immunomodulation,1
2086,immunomodulators,2
2087,immunomodulatory,6
2088,immunopathological,1
2089,immunopathology,1
2090,immunoprophylaxis,7
2091,immunosuppressants,3
2092,immunosuppressed,1
2093,immunosuppression,5
2094,immunosuppressive,7
2095,immunotherapeutics,2
2096,immunotherapy,2
2097,impact,15
2098,impacts,6
2099,impaired,2
2100,impairment,1
2101,impending,1
2102,implement,2
2103,implementation,10
2104,implemented,5
2105,implementing,1
2106,implicated,1
2107,implication,2
2108,implications,2
2109,implying,1
2110,importance,8
2111,important,27
2112,imposed,2
2113,improve,12
2114,improved,12
2115,improvement,6
2116,improvements,1
2117,improves,3
2118,improving,3
2119,inactivated,6
2120,inactivation,1
2121,inadequate,1
2122,inc,3
2123,inception,3
2124,incidence,19
2125,incident,2
2126,include,6
2127,included,40
2128,includes,2
2129,including,45
2130,inclusion,6
2131,income,5
2132,incomplete,1
2133,inconclusive,3
2134,inconsistency,1
2135,inconvenience,1
2136,incorporation,1
2137,increase,16
2138,increased,28
2139,increases,1
2140,increasing,12
2141,increasingly,1
2142,incremental,5
2143,incubation,1
2144,incurable,1
2145,indeed,1
2146,indefinite,1
2147,independent,11
2148,independently,3
2149,indepth,1
2150,indeterminate,3
2151,index,2
2152,indexes,1
2153,india,3
2154,indicate,9
2155,indicated,8
2156,indicates,1
2157,indicating,3
2158,indication,1
2159,indications,3
2160,indicators,1
2161,indinavir,1
2162,indirectly,2
2163,indispensable,2
2164,individual,7
2165,individuals,21
2166,indonesia,2
2167,induce,2
2168,induced,5
2169,inducer,1
2170,induces,2
2171,induction,2
2172,inductive,1
2173,industry,1
2174,ineffective,1
2175,inequalities,2
2176,inequities,2
2177,inexpensive,2
2178,infancy,4
2179,infant,18
2180,infants,52
2181,infarction,2
2182,infect,1
2183,infected,27
2184,infection,187
2185,infectioninduced,1
2186,infections,30
2187,infectionspecific,1
2188,infectious,11
2189,infectiveness,1
2190,infectivity,4
2191,infects,3
2192,inferential,1
2193,inferred,1
2194,infiltrate,1
2195,infiltration,1
2196,inflammation,5
2197,inflammatory,18
2198,inflicted,1
2199,infliximab,2
2200,influence,5
2201,influenced,5
2202,influences,1
2203,influencing,3
2204,influenza,3
2205,inform,4
2206,information,23
2207,informed,2
2208,infrastructure,1
2209,infrequent,1
2210,inherent,1
2211,inhibit,4
2212,inhibited,1
2213,inhibiting,2
2214,inhibition,3
2215,inhibitor,1
2216,inhibitors,4
2217,inhospital,1
2218,initial,15
2219,initially,5
2220,initiated,1
2221,initiation,8
2222,initiatives,1
2223,inject,2
2224,injected,1
2225,injecting,1
2226,injection,9
2227,injections,1
2228,injuries,2
2229,injury,4
2230,innate,4
2231,innovative,1
2232,inpatient,1
2233,inpatients,1
2234,inprocess,1
2235,insertion,1
2236,insight,3
2237,insights,1
2238,instance,1
2239,instances,1
2240,instead,2
2241,instill,1
2242,institution,1
2243,institutional,2
2244,institutions,2
2245,instrumental,1
2246,insufficiency,1
2247,insufficient,1
2248,insurance,1
2249,integrations,1
2250,intend,1
2251,intended,1
2252,intensified,1
2253,intensive,2
2254,intent,5
2255,intention,3
2256,interaction,9
2257,interactions,12
2258,interest,6
2259,interestingly,3
2260,interfere,1
2261,interference,1
2262,interfering,1
2263,interferon,9
2264,interferongamma,1
2265,interferongammamediated,1
2266,interferons,3
2267,interferonstimulated,1
2268,interim,11
2269,interleukin,3
2270,intermediate,1
2271,intermittent,1
2272,international,5
2273,interoperable,1
2274,interplay,1
2275,interpretation,3
2276,interquartile,1
2277,interrupt,1
2278,interruption,1
2279,intersection,1
2280,interstitial,3
2281,interval,14
2282,intervals,2
2283,intervention,6
2284,interventions,20
2285,interviewed,1
2286,interviews,5
2287,intracellular,4
2288,intrahepatic,4
2289,intramuscular,3
2290,intramuscularly,2
2291,intravenous,2
2292,intravenously,2
2293,introduce,1
2294,introduced,4
2295,introduces,1
2296,introduction,11
2297,intubated,1
2298,intubation,2
2299,invading,1
2300,invasive,2
2301,invest,3
2302,investigate,9
2303,investigated,7
2304,investigates,1
2305,investigation,5
2306,investigational,2
2307,investigations,2
2308,investment,1
2309,invitro,1
2310,invivo,1
2311,involve,2
2312,involved,4
2313,involvement,2
2314,involving,2
2315,ionomycin,1
2316,ipd,4
2317,iqr,5
2318,iraq,1
2319,iraqi,1
2320,irish,1
2321,ischaemia,1
2322,ischemic,1
2323,isi,1
2324,isolated,1
2325,isolation,4
2326,isolations,1
2327,isoniazid,1
2328,isotope,1
2329,iss,1
2330,issue,8
2331,issued,7
2332,issues,9
2333,italian,1
2334,italians,1
2335,italy,1
2336,itching,3
2337,items,2
2338,iu,26
2339,iv,4
2340,ivermectin,7
2341,ivermectinrelated,2
2342,ivig,5
2343,jak,1
2344,jan,2
2345,janssen,1
2346,january,10
2347,japan,2
2348,jhu,1
2349,jirovecii,1
2350,john,1
2351,johnsonjohnson,1
2352,joint,1
2353,journal,1
2354,judged,1
2355,july,5
2356,june,6
2357,justification,2
2358,justified,2
2359,justify,2
2360,kaiser,1
2361,kampala,1
2362,kb,1
2363,keeps,1
2364,kegg,2
2365,kenya,1
2366,kerala,2
2367,key,7
2368,kg,2
2369,kidney,15
2370,kidneys,2
2371,killed,1
2372,killer,1
2373,kinase,2
2374,kinds,1
2375,kinetics,1
2376,kingdom,1
2377,know,1
2378,knowledge,8
2379,known,11
2380,korea,2
2381,kpa,1
2382,l,14
2383,lab,1
2384,label,1
2385,labeling,1
2386,laboratory,3
2387,laboratoryconfirmed,1
2388,labs,1
2389,lack,14
2390,lacking,2
2391,lactating,1
2392,lamivudine,9
2393,landscape,2
2394,language,3
2395,large,10
2396,largely,3
2397,larger,4
2398,largesample,1
2399,largescale,1
2400,largest,2
2401,laryngoscope,1
2402,last,7
2403,lastmile,1
2404,late,4
2405,later,6
2406,latest,1
2407,latestage,1
2408,latin,1
2409,launched,2
2410,layperson,1
2411,lead,11
2412,leaders,2
2413,leadership,1
2414,leading,12
2415,leads,2
2416,leaning,2
2417,learn,1
2418,learned,2
2419,least,16
2420,led,9
2421,ledipasvir,1
2422,length,1
2423,lenvervimab,1
2424,leone,1
2425,lesion,1
2426,lesions,6
2427,less,12
2428,lessons,3
2429,leukaemia,2
2430,leukemia,6
2431,leukocytemediated,1
2432,leukopenia,1
2433,level,13
2434,levels,55
2435,lexicomp,1
2436,lhqw,10
2437,lhqwcomponent,1
2438,lhqwpin,1
2439,lhqwproteins,1
2440,lian,1
2441,library,1
2442,licensed,2
2443,licensure,2
2444,lieu,1
2445,life,6
2446,lifecycle,1
2447,lifesaving,1
2448,lifethreatening,2
2449,lifetime,2
2450,lifeyears,1
2451,ligands,1
2452,light,2
2453,like,3
2454,likelihood,4
2455,likely,22
2456,limit,3
2457,limitations,3
2458,limited,15
2459,limits,3
2460,line,3
2461,link,1
2462,linked,2
2463,lipid,5
2464,lipids,1
2465,liposomes,1
2466,list,2
2467,listed,1
2468,lists,1
2469,literature,12
2470,literaturebased,1
2471,little,4
2472,live,2
2473,liveattenuated,1
2474,livelihoods,1
2475,liver,71
2476,liverpool,1
2477,livers,1
2478,livertropism,1
2479,lives,6
2480,livevectored,1
2481,living,5
2482,lns,2
2483,load,9
2484,loads,4
2485,local,6
2486,location,1
2487,locations,2
2488,lockdowns,1
2489,log,6
2490,logistic,6
2491,logiu,1
2492,long,4
2493,longitudinal,1
2494,longterm,19
2495,longtime,1
2496,look,1
2497,looked,1
2498,looks,1
2499,lopinavir,8
2500,lopinavirritonavir,1
2501,los,5
2502,loss,16
2503,lost,4
2504,lot,20
2505,lots,5
2506,lottolot,1
2507,low,29
2508,lowcertainty,1
2509,lowcost,1
2510,lower,27
2511,lowered,1
2512,lowerincome,2
2513,lowincome,1
2514,lowinflammation,1
2515,lowlevel,1
2516,lowmedium,1
2517,lowmolecularweight,1
2518,lowresponse,2
2519,lt,1
2520,lung,9
2521,lungs,3
2522,lycorine,1
2523,lymph,2
2524,lymphoblastic,1
2525,lymphocyte,2
2526,lymphocytes,1
2527,lymphocytic,2
2528,lymphoma,3
2529,lymphopenia,1
2530,macrophages,2
2531,maculopapular,1
2532,madagascar,1
2533,made,5
2534,main,18
2535,mainly,4
2536,mainstay,1
2537,maintain,1
2538,maintained,1
2539,maintaining,1
2540,maintenance,2
2541,major,20
2542,majority,6
2543,make,2
2544,makes,2
2545,malaria,1
2546,malawi,1
2547,male,10
2548,males,3
2549,malignancies,4
2550,malignancy,2
2551,manage,2
2552,manageable,1
2553,managed,1
2554,management,19
2555,managing,1
2556,mandates,1
2557,mandatory,1
2558,manifestation,1
2559,manifestations,5
2560,manifests,1
2561,mankind,1
2562,mann,1
2563,manner,1
2564,manual,1
2565,manufacture,1
2566,manufactured,2
2567,manufacturer,1
2568,manufacturing,4
2569,manuscript,1
2570,many,20
2571,map,1
2572,march,6
2573,marginal,3
2574,marked,1
2575,markedly,1
2576,marker,3
2577,markers,12
2578,markov,2
2579,marriageable,1
2580,marrowderived,2
2581,mass,2
2582,massachusetts,1
2583,massive,2
2584,matched,5
2585,matching,1
2586,material,1
2587,materials,7
2588,maternal,10
2589,mathematical,1
2590,matrices,1
2591,matrix,1
2592,matter,2
2593,maturation,3
2594,maximal,1
2595,maximum,1
2596,may,68
2597,mcode,1
2598,mean,22
2599,meaningful,1
2600,means,2
2601,meanwhile,2
2602,measles,1
2603,measure,2
2604,measured,4
2605,measurement,1
2606,measurements,1
2607,measures,11
2608,measuring,2
2609,mechanical,4
2610,mechanism,5
2611,mechanisms,20
2612,media,2
2613,median,13
2614,mediated,2
2615,mediates,1
2616,medica,1
2617,medical,23
2618,medication,5
2619,medications,10
2620,medicinal,3
2621,medicine,7
2622,medicines,1
2623,medium,1
2624,medline,3
2625,meet,1
2626,meeting,1
2627,meld,1
2628,mellitus,1
2629,member,2
2630,members,4
2631,membrane,2
2632,membraneanchored,1
2633,memory,2
2634,men,3
2635,mena,1
2636,menace,1
2637,mental,2
2638,mentions,1
2639,mere,1
2640,meridian,1
2641,merit,1
2642,mers,4
2643,merscov,6
2644,mesenchymal,4
2645,mesh,1
2646,met,5
2647,metaanalysis,11
2648,metagenomic,1
2649,metaregression,1
2650,metazoans,1
2651,method,7
2652,methodical,1
2653,methodological,1
2654,methodology,3
2655,methods,50
2656,methylprednisolone,5
2657,mg,3
2658,mhc,1
2659,mice,10
2660,microangiopathy,1
2661,microbiology,1
2662,microg,3
2663,microl,9
2664,microlisa,1
2665,micromedex,1
2666,microneedle,2
2667,microneedles,2
2668,micronutrients,3
2669,microparticle,1
2670,micrornas,1
2671,microsimulation,1
2672,midaugust,1
2673,middle,5
2674,middleincome,2
2675,middleresponse,1
2676,midst,1
2677,midterm,1
2678,might,14
2679,migration,1
2680,mild,7
2681,mildly,1
2682,mildtomoderate,1
2683,military,1
2684,milk,1
2685,million,18
2686,millions,3
2687,mimicking,1
2688,min,2
2689,minerals,1
2690,minimize,3
2691,minireview,1
2692,ministry,1
2693,minority,2
2694,minus,1
2695,minutes,3
2696,mir,7
2697,mirnas,3
2698,misinterpretation,1
2699,miss,1
2700,missing,1
2701,mistrust,6
2702,mitigate,5
2703,mitigated,1
2704,mitigating,3
2705,mitigation,2
2706,miu,43
2707,mixed,3
2708,mixture,1
2709,ml,66
2710,mm,1
2711,mn,1
2712,mnews,1
2713,mobilized,1
2714,modalities,3
2715,mode,1
2716,model,10
2717,modeled,3
2718,modeling,1
2719,modelling,1
2720,models,3
2721,moderate,8
2722,moderatecertainty,1
2723,modern,1
2724,moderna,8
2725,modernatx,1
2726,modifications,1
2727,modified,1
2728,modulate,1
2729,modulated,1
2730,modulates,1
2731,modulation,2
2732,modulators,2
2733,modules,4
2734,moh,1
2735,molecular,12
2736,molecule,3
2737,molecules,4
2738,moment,1
2739,momentarily,1
2740,monastir,1
2741,monitor,2
2742,monitored,3
2743,monitoring,9
2744,monoclonal,3
2745,monocytes,1
2746,mononuclear,2
2747,monotherapy,10
2748,month,20
2749,monthly,4
2750,months,42
2751,morbidity,13
2752,moreover,9
2753,mortality,37
2754,mostly,2
2755,mother,4
2756,mothers,25
2757,mothertochild,5
2758,mothertochildtransmission,1
2759,mothertoinfant,1
2760,motif,1
2761,motifs,1
2762,moud,5
2763,mouse,6
2764,moved,1
2765,moving,1
2766,mpageb,3
2767,mrna,15
2768,mrnabased,2
2769,msclike,1
2770,mscs,9
2771,mtct,16
2772,much,4
2773,mucolytic,1
2774,mucus,1
2775,mug,24
2776,multicenter,3
2777,multimethods,1
2778,multinational,1
2779,multiorgan,2
2780,multiple,16
2781,multiplechoice,1
2782,multiplelogisticregressionanalysis,1
2783,multitarget,2
2784,multitransfused,2
2785,multivariable,3
2786,multivariableadjusted,2
2787,multivariate,1
2788,mumol,1
2789,must,11
2790,mutation,3
2791,mv,2
2792,myalgia,1
2793,myocardial,2
2794,myriad,3
2795,n,14
2796,nac,8
2797,nacetylcysteine,1
2798,nadir,1
2799,nadirs,1
2800,naive,2
2801,named,4
2802,nanjing,1
2803,nanocapsules,1
2804,nanocarriers,1
2805,nanocomplexation,1
2806,nanocrystals,1
2807,nanomedicines,1
2808,nanoparticleencapsulated,1
2809,nanoparticleformulated,2
2810,nanoparticles,2
2811,nanospheres,1
2812,nanosponges,1
2813,nanostructured,1
2814,nanotechnology,1
2815,nanovaccines,3
2816,nanovesicles,1
2817,narrative,4
2818,narratively,1
2819,narrow,1
2820,nas,28
2821,national,10
2822,nations,2
2823,nationwide,1
2824,natural,9
2825,nature,1
2826,nausea,1
2827,ncov,1
2828,nct,10
2829,nd,8
2830,ndash,4
2831,near,1
2832,nearly,3
2833,necessary,5
2834,necessitating,1
2835,necessity,1
2836,necrosis,2
2837,necrotizing,1
2838,need,21
2839,needed,12
2840,needing,1
2841,needs,4
2842,negativation,1
2843,negative,14
2844,negatively,1
2845,neglected,1
2846,neither,4
2847,neolithic,1
2848,neonatal,2
2849,neonates,1
2850,nervous,1
2851,nested,1
2852,net,2
2853,network,7
2854,networks,1
2855,neurological,2
2856,neuropathy,1
2857,neutralizing,3
2858,nevertheless,2
2859,new,36
2860,newborn,2
2861,newborns,6
2862,newcastleottawa,1
2863,newer,2
2864,newly,2
2865,newness,1
2866,next,2
2867,nextgeneration,1
2868,ng,3
2869,nhl,3
2870,nhs,1
2871,nigella,1
2872,nigeria,2
2873,nine,3
2874,nineteen,1
2875,ninetyone,1
2876,ninetysix,1
2877,ningming,1
2878,nitazoxanide,1
2879,nk,1
2880,nlinked,1
2881,nm,1
2882,nmol,3
2883,nnv,1
2884,node,1
2885,nodes,2
2886,nodosa,4
2887,nonadjuvanted,1
2888,nonallergic,1
2889,nonanaphylaxis,2
2890,nonavailability,1
2891,noncoding,1
2892,noncomplete,2
2893,noncompliance,1
2894,none,3
2895,nonenveloped,1
2896,nonhepatocellular,1
2897,nonhodgkin,1
2898,nonhomogeneous,1
2899,nonindexed,1
2900,noninferior,2
2901,noninferiority,1
2902,noninvasive,2
2903,nonneutralizing,1
2904,nonpharmaceutical,4
2905,nonpregnant,1
2906,nonprotective,3
2907,nonrandomised,2
2908,nonreactive,3
2909,nonresponders,10
2910,nonresponse,2
2911,nonresponsiveness,1
2912,nonrheumatic,3
2913,nonvaccination,3
2914,nonviral,1
2915,nonzero,1
2916,nooks,1
2917,normal,4
2918,normalcy,2
2919,normality,1
2920,north,1
2921,note,1
2922,noted,2
2923,notes,1
2924,notified,2
2925,novavax,1
2926,novel,32
2927,novelty,1
2928,november,2
2929,novo,3
2930,nowadays,1
2931,nr,4
2932,nterminal,1
2933,nuclear,1
2934,nuclei,1
2935,nucleic,4
2936,nucleocapsid,1
2937,nucleocapsids,1
2938,nucleos,4
2939,nucleoside,1
2940,nucleosidemodified,3
2941,nucleot,3
2942,nucleotide,2
2943,nucleotides,1
2944,nucloes,1
2945,number,9
2946,numbers,6
2947,numerical,1
2948,numerous,2
2949,nurse,1
2950,nurseactivated,1
2951,nursedriven,1
2952,nurseled,1
2953,nurseries,1
2954,nurseriesat,1
2955,nursery,5
2956,nurses,2
2957,nursing,5
2958,nutritional,1
2959,nvc,2
2960,ny,1
2961,obesity,3
2962,obi,4
2963,objective,17
2964,objectives,9
2965,observation,3
2966,observational,8
2967,observe,1
2968,observed,18
2969,observerblinded,1
2970,observing,2
2971,obtain,2
2972,obtained,7
2973,obtaining,4
2974,occult,4
2975,occupational,7
2976,occupationrelated,1
2977,occupations,1
2978,occur,3
2979,occurred,3
2980,occurrence,7
2981,occurring,2
2982,occurs,1
2983,october,4
2984,odds,11
2985,offending,1
2986,offer,1
2987,offered,1
2988,offers,4
2989,officials,2
2990,officinale,1
2991,officinalis,1
2992,offlabel,1
2993,often,5
2994,oh,8
2995,oils,1
2996,old,4
2997,older,25
2998,oldest,1
2999,oligonucleotide,1
3000,oligonucleotides,1
3001,oncology,1
3002,one,37
3003,onefifth,1
3004,onefourth,1
3005,ones,2
3006,onethird,1
3007,ongoing,13
3008,online,5
3009,onset,10
3010,ontology,1
3011,ontreatment,1
3012,onward,1
3013,open,1
3014,openlabel,1
3015,opentext,2
3016,operating,2
3017,operation,1
3018,opinion,6
3019,opinions,1
3020,opioid,2
3021,opportunities,1
3022,opportunity,1
3023,optimal,5
3024,optimism,1
3025,optimization,2
3026,optimized,1
3027,option,6
3028,optional,1
3029,options,11
3030,oral,2
3031,order,8
3032,ordering,1
3033,organ,4
3034,organic,1
3035,organisation,1
3036,organization,14
3037,organizations,2
3038,organize,1
3039,organs,5
3040,original,1
3041,originating,1
3042,origins,1
3043,ors,3
3044,oseltamivir,1
3045,others,5
3046,ototoxic,3
3047,ototoxicity,2
3048,outbreak,8
3049,outbreaks,3
3050,outcome,15
3051,outcomes,11
3052,outline,3
3053,outpatient,2
3054,outpatients,1
3055,outprospero,1
3056,output,1
3057,outreach,2
3058,ovarian,3
3059,ovary,1
3060,overall,14
3061,overallvaccinecoverage,1
3062,overcome,2
3063,overview,5
3064,overwhelming,2
3065,ovid,4
3066,oxford,1
3067,oxygen,3
3068,oxygenation,1
3069,oxygenationozonation,1
3070,ozone,13
3071,p,95
3072,pac,3
3073,pace,2
3074,paediatric,1
3075,paid,1
3076,pain,3
3077,paired,1
3078,pairs,2
3079,pairwise,1
3080,panax,1
3081,pancreatic,1
3082,pandemic,63
3083,pandemics,5
3084,panic,1
3085,paniculata,1
3086,papainlike,1
3087,paper,3
3088,papillomavirus,1
3089,parallel,3
3090,parameters,3
3091,paramount,1
3092,parents,9
3093,part,4
3094,partially,1
3095,participant,1
3096,participants,49
3097,participate,3
3098,participated,1
3099,particle,1
3100,particular,7
3101,particularly,6
3102,passage,1
3103,passive,1
3104,passiveactive,1
3105,past,7
3106,patent,1
3107,path,1
3108,pathogen,1
3109,pathogenagnostic,1
3110,pathogenesis,7
3111,pathogenhost,1
3112,pathogenic,1
3113,pathogenicity,1
3114,pathogens,2
3115,pathologic,1
3116,pathological,5
3117,pathologies,1
3118,pathophysiology,2
3119,pathway,9
3120,pathways,4
3121,patient,17
3122,patients,254
3123,pattern,3
3124,patterns,1
3125,pay,4
3126,payer,1
3127,pcdnahbx,1
3128,pcr,4
3129,pcrcovid,1
3130,pde,1
3131,pdsa,1
3132,peak,1
3133,pediatr,1
3134,pediatric,8
3135,pediatricians,1
3136,pediatrics,2
3137,pegifn,10
3138,peginterferonalfa,1
3139,pegylated,4
3140,pennsylvania,1
3141,people,36
3142,peoplebornabroad,1
3143,peptide,1
3144,peptides,1
3145,per,10
3146,perceived,7
3147,percent,1
3148,percentage,5
3149,percentages,2
3150,perception,2
3151,perdose,1
3152,perforatum,1
3153,perform,2
3154,performance,3
3155,performed,17
3156,performing,1
3157,perhaps,1
3158,perinatal,4
3159,perinatally,2
3160,period,12
3161,periods,1
3162,peripartum,6
3163,peripheral,5
3164,peritoneal,1
3165,permanente,1
3166,permeability,1
3167,permit,1
3168,persistence,7
3169,persistent,6
3170,person,3
3171,personal,6
3172,personalized,1
3173,personnel,4
3174,persons,15
3175,perspective,2
3176,perspectives,1
3177,pertinent,2
3178,pfizer,6
3179,pfizerbiontech,10
3180,pg,1
3181,phagedisplay,1
3182,phagocytosis,1
3183,pharma,1
3184,pharmaceuticals,1
3185,pharmacokinetic,2
3186,pharmacological,4
3187,pharmacologically,1
3188,pharmacology,2
3189,pharmacotherapies,1
3190,pharmacovigilance,1
3191,phase,23
3192,phases,5
3193,phenomenon,2
3194,phenotype,1
3195,phenotypic,1
3196,philadelphia,1
3197,phosphate,1
3198,phosphodiesterase,1
3199,phosphoguanine,1
3200,phosphoguanosine,1
3201,phylogenetic,2
3202,physical,3
3203,physicochemical,2
3204,physiological,1
3205,phytochemical,1
3206,picture,2
3207,pile,1
3208,pilot,1
3209,pin,2
3210,pipeline,1
3211,pitfalls,1
3212,pivotal,1
3213,pl,1
3214,pla,4
3215,place,3
3216,placebo,9
3217,placebocontrolled,2
3218,places,1
3219,plan,3
3220,plandostudyact,2
3221,planned,1
3222,plans,1
3223,plant,1
3224,plants,4
3225,plasma,4
3226,platforms,6
3227,plausible,1
3228,play,4
3229,plays,2
3230,pleiotropic,1
3231,plus,3
3232,plwh,8
3233,pma,1
3234,pmc,1
3235,pmol,1
3236,pneumocystis,1
3237,pneumonia,9
3238,point,4
3239,pointes,1
3240,points,6
3241,policies,1
3242,policy,1
3243,political,5
3244,polyarteritis,3
3245,polyarthralgia,1
3246,polyarthritis,1
3247,polylactic,1
3248,polymerase,4
3249,polyphenols,2
3250,polyvinyl,1
3251,polyvinylpyrrolidone,1
3252,pooled,17
3253,pooling,1
3254,poor,11
3255,poorer,3
3256,poorest,1
3257,poorly,4
3258,population,25
3259,populations,15
3260,portable,1
3261,portal,1
3262,portion,1
3263,pose,1
3264,posed,1
3265,poses,2
3266,positioned,1
3267,positive,36
3268,positivity,11
3269,possess,1
3270,possessed,1
3271,possessing,1
3272,possibilities,1
3273,possibility,3
3274,possible,22
3275,possibly,3
3276,post,2
3277,postinjection,1
3278,postintervention,1
3279,postlicensure,4
3280,postmarketing,1
3281,postoperative,1
3282,postpartum,2
3283,postvaccination,3
3284,potency,2
3285,potent,4
3286,potential,39
3287,potentiality,1
3288,potentially,8
3289,powerful,2
3290,ppi,3
3291,ppis,1
3292,practical,1
3293,practice,2
3294,practices,9
3295,pre,2
3296,prec,7
3297,precautions,4
3298,preclinical,7
3299,precore,4
3300,precorerelated,1
3301,predict,4
3302,predicted,1
3303,predicting,2
3304,prediction,1
3305,predictive,2
3306,predictor,1
3307,predictors,10
3308,predischarge,1
3309,predominant,1
3310,predominantly,1
3311,preexisting,6
3312,preexposure,1
3313,preferably,1
3314,preference,4
3315,preferential,1
3316,preferred,4
3317,prefusion,3
3318,pregnancy,10
3319,pregnant,9
3320,prelicensure,1
3321,premises,1
3322,prep,1
3323,prepandemic,1
3324,preparation,1
3325,prepare,2
3326,prepared,3
3327,preparedness,1
3328,preparing,1
3329,preprint,2
3330,preregistered,1
3331,pres,5
3332,prescribed,1
3333,prescribers,1
3334,prescribing,3
3335,presence,6
3336,presensitization,1
3337,present,21
3338,presented,5
3339,presenting,1
3340,presently,2
3341,presents,2
3342,preserve,1
3343,press,1
3344,pressing,1
3345,pressure,5
3346,presumably,1
3347,presymptomatic,1
3348,prevaccination,1
3349,prevalence,10
3350,prevalent,4
3351,prevent,25
3352,preventable,1
3353,preventative,2
3354,prevented,1
3355,preventing,7
3356,prevention,35
3357,preventive,5
3358,previous,20
3359,previously,8
3360,price,1
3361,prices,1
3362,pricing,1
3363,primary,33
3364,primates,1
3365,principal,2
3366,print,1
3367,prior,15
3368,prioritize,1
3369,prioritized,3
3370,prioritizing,3
3371,priority,2
3372,private,1
3373,pro,3
3374,proactively,1
3375,proapoptotic,1
3376,probabilistic,1
3377,probability,6
3378,probable,1
3379,probably,3
3380,problem,6
3381,problems,7
3382,proceeding,1
3383,process,6
3384,processed,1
3385,processes,5
3386,processing,1
3387,produce,4
3388,produced,7
3389,producibility,1
3390,producing,1
3391,product,5
3392,production,2
3393,products,7
3394,professional,7
3395,professionals,5
3396,profile,13
3397,profiles,7
3398,proforma,3
3399,profoundly,1
3400,progenitors,1
3401,prognosis,1
3402,prognostic,1
3403,program,4
3404,programmatically,1
3405,programme,1
3406,programmes,4
3407,programs,4
3408,progress,11
3409,progressed,1
3410,progressing,3
3411,progression,14
3412,progressive,3
3413,proinflammatory,5
3414,project,1
3415,projects,1
3416,proliferating,1
3417,prolongation,3
3418,prolonged,2
3419,prominent,1
3420,promise,2
3421,promising,16
3422,promote,3
3423,promoted,2
3424,promotes,2
3425,promotion,1
3426,prompted,1
3427,pronounced,1
3428,propagation,1
3429,propensity,3
3430,proper,1
3431,properly,1
3432,properties,7
3433,property,4
3434,prophylactic,4
3435,prophylactics,1
3436,prophylaxis,25
3437,propolis,1
3438,proportion,15
3439,proportions,1
3440,propose,2
3441,proposed,8
3442,pros,1
3443,prospective,5
3444,prospectively,1
3445,prospero,2
3446,protease,4
3447,protect,6
3448,protected,1
3449,protecting,2
3450,protection,24
3451,protective,21
3452,protein,12
3453,proteinbased,2
3454,proteinprotein,2
3455,proteins,10
3456,proteinuria,1
3457,proteolytic,1
3458,proteomics,1
3459,prothrombin,2
3460,protocol,13
3461,protocols,4
3462,prototype,1
3463,proved,3
3464,proven,2
3465,proves,1
3466,provide,16
3467,provided,4
3468,provider,3
3469,providers,8
3470,provides,8
3471,providing,6
3472,provinces,2
3473,provoked,1
3474,proximal,1
3475,public,28
3476,publications,2
3477,publics,1
3478,published,18
3479,pubmed,9
3480,pulmonary,2
3481,punctured,1
3482,purpose,7
3483,purposed,1
3484,purposes,1
3485,purposive,1
3486,pursuing,1
3487,pushed,1
3488,put,2
3489,putative,1
3490,puts,1
3491,pva,2
3492,pvalue,1
3493,pvp,2
3494,pwid,5
3495,py,3
3496,pyrexia,1
3497,qalys,3
3498,qing,1
3499,qt,3
3500,qtdrugs,1
3501,qtprolongation,2
3502,qualification,2
3503,qualified,3
3504,qualify,1
3505,qualitative,1
3506,quality,6
3507,qualityadjusted,1
3508,quantification,3
3509,quantified,2
3510,quantify,2
3511,quantitative,4
3512,quarantine,1
3513,quarantines,1
3514,quarter,1
3515,questionnaire,2
3516,questions,3
3517,quetiapine,2
3518,quickly,1
3519,quite,3
3520,quo,1
3521,r,32
3522,race,2
3523,raced,1
3524,racing,1
3525,racism,1
3526,radicalscavenging,1
3527,radiological,2
3528,radiologists,2
3529,raised,1
3530,raises,1
3531,raising,1
3532,random,3
3533,randomeffects,1
3534,randomised,4
3535,randomization,1
3536,randomized,16
3537,randomly,4
3538,range,9
3539,ranged,4
3540,ranging,4
3541,rapid,18
3542,rapidly,6
3543,rare,2
3544,rarely,5
3545,ras,1
3546,rash,1
3547,rate,54
3548,rates,37
3549,rather,2
3550,ratio,9
3551,rational,1
3552,rationale,1
3553,ratios,7
3554,ravaging,1
3555,raw,1
3556,rct,1
3557,rcts,10
3558,rdrp,1
3559,rdv,1
3560,reach,1
3561,reached,2
3562,reaching,1
3563,reaction,5
3564,reactions,12
3565,reactivated,1
3566,reactivates,1
3567,reactivation,19
3568,reactive,3
3569,reactogenicities,1
3570,reactogenicity,1
3571,readers,1
3572,ready,1
3573,realistic,1
3574,realistically,1
3575,reason,6
3576,reasons,2
3577,reassuring,4
3578,recall,2
3579,receipt,6
3580,receive,10
3581,received,30
3582,receiver,2
3583,receives,2
3584,receiving,22
3585,recent,19
3586,recently,9
3587,receptor,5
3588,receptormediated,1
3589,receptors,1
3590,receptort,1
3591,recipient,2
3592,recipients,7
3593,recognition,2
3594,recombinant,14
3595,recombivaxhb,3
3596,recommend,4
3597,recommendation,14
3598,recommendations,13
3599,recommended,17
3600,recommends,3
3601,record,2
3602,recorded,1
3603,records,2
3604,recovered,5
3605,recovery,3
3606,recruit,1
3607,recruited,4
3608,recurrence,8
3609,recurrencefree,1
3610,redouble,1
3611,reduce,12
3612,reduced,12
3613,reduces,2
3614,reducing,7
3615,reduction,14
3616,reengage,1
3617,reference,8
3618,references,1
3619,referred,2
3620,referring,1
3621,refined,1
3622,reflect,1
3623,reflecting,3
3624,reflection,1
3625,refractoriness,1
3626,refractory,2
3627,refusal,5
3628,regard,2
3629,regarded,2
3630,regarding,14
3631,regardless,3
3632,regenerationrelated,1
3633,regenerative,1
3634,regimen,7
3635,regimens,7
3636,region,2
3637,regional,2
3638,regions,5
3639,regionspecific,1
3640,register,1
3641,registered,4
3642,registration,3
3643,registry,3
3644,regression,10
3645,regularly,1
3646,regulate,1
3647,regulated,1
3648,regulating,1
3649,regulation,1
3650,regulatory,5
3651,reinfected,1
3652,reinfection,3
3653,reinforce,1
3654,reinforcing,2
3655,reject,2
3656,relapsed,1
3657,related,24
3658,relates,1
3659,relation,2
3660,relationship,2
3661,relationships,2
3662,relative,10
3663,relatively,3
3664,release,12
3665,released,3
3666,releases,2
3667,releasing,1
3668,relevance,2
3669,relevant,6
3670,relied,1
3671,relief,1
3672,relieve,2
3673,relieves,1
3674,reluctant,2
3675,rely,2
3676,remain,2
3677,remained,4
3678,remaining,1
3679,remains,13
3680,remarkable,2
3681,remarkably,2
3682,remdesivir,14
3683,remedial,1
3684,reminiscent,1
3685,remission,1
3686,remittingrecurrent,1
3687,removal,1
3688,removed,1
3689,renal,7
3690,reninangiotensin,1
3691,repair,1
3692,repairing,1
3693,repairs,1
3694,reperfusion,1
3695,replication,13
3696,report,8
3697,reported,36
3698,reporting,6
3699,reports,7
3700,repositioned,1
3701,repositioning,2
3702,represent,3
3703,representing,1
3704,represents,5
3705,repression,1
3706,reproductive,1
3707,repurposing,3
3708,require,4
3709,required,11
3710,requirement,1
3711,requirements,1
3712,requires,6
3713,requiring,1
3714,research,19
3715,researchers,6
3716,researches,1
3717,resection,1
3718,reservoir,1
3719,residence,2
3720,residents,2
3721,resistance,4
3722,resolution,1
3723,resolve,1
3724,resolved,6
3725,resourcelimited,1
3726,resources,5
3727,respect,1
3728,respective,1
3729,respectively,24
3730,respiration,1
3731,respiratory,51
3732,respond,1
3733,responded,2
3734,respondents,2
3735,responders,4
3736,response,71
3737,responses,21
3738,responsible,4
3739,responsiveness,2
3740,rest,1
3741,restoration,1
3742,restore,2
3743,restriction,2
3744,result,13
3745,resulted,13
3746,resulting,6
3747,results,78
3748,retaining,1
3749,retention,2
3750,retested,1
3751,retinopathy,1
3752,retrieved,2
3753,retrospective,6
3754,retrospectively,5
3755,return,3
3756,revaccinate,1
3757,revaccination,5
3758,revealed,8
3759,reveals,3
3760,reversal,1
3761,reverse,3
3762,reversetranscribed,1
3763,review,82
3764,reviewed,7
3765,reviewers,2
3766,reviewing,1
3767,reviews,7
3768,revised,1
3769,rhbcag,1
3770,rhbsag,2
3771,rheumatic,9
3772,rhythm,1
3773,ribavirin,3
3774,rigorously,1
3775,rise,2
3776,rising,2
3777,risk,84
3778,riskbenefit,1
3779,riskofbias,1
3780,risks,8
3781,risperidone,1
3782,ritonavir,9
3783,rituximab,1
3784,rna,11
3785,rnabased,1
3786,rnadependent,1
3787,rnas,3
3788,robust,4
3789,robustness,1
3790,role,19
3791,roles,5
3792,rollout,4
3793,room,1
3794,roots,1
3795,route,3
3796,routes,3
3797,routine,6
3798,routinely,1
3799,rr,21
3800,rrr,3
3801,rrs,3
3802,rtmi,1
3803,rtpcr,3
3804,rtx,2
3805,run,1
3806,rural,1
3807,russia,1
3808,rzv,5
3809,safe,19
3810,safely,1
3811,safety,69
3812,sage,2
3813,saline,1
3814,sample,2
3815,sampled,1
3816,samples,9
3817,sampling,2
3818,sardinia,1
3819,sars,8
3820,sarscov,119
3821,sarscovii,1
3822,sarsrelated,1
3823,sativa,1
3824,sativum,2
3825,save,3
3826,saved,1
3827,saving,1
3828,savings,1
3829,sc,7
3830,scale,3
3831,scalefree,1
3832,scaleup,1
3833,scaling,4
3834,scarce,2
3835,scarcity,1
3836,scenario,5
3837,scenarios,3
3838,schedule,4
3839,schedules,1
3840,scholar,3
3841,scibvac,2
3842,science,4
3843,sciences,1
3844,scientific,13
3845,scientists,3
3846,scoping,1
3847,scopus,7
3848,score,4
3849,scorematched,2
3850,scores,1
3851,screened,7
3852,screening,13
3853,scutellaria,1
3854,sd,3
3855,se,7
3856,search,16
3857,searched,7
3858,searches,2
3859,searching,1
3860,seasonal,1
3861,second,7
3862,secondary,13
3863,secondgeneration,1
3864,secretary,1
3865,secreting,1
3866,secretion,2
3867,secretome,6
3868,secretory,1
3869,section,2
3870,sections,1
3871,sector,2
3872,sectors,1
3873,secure,1
3874,security,1
3875,seeking,4
3876,seems,6
3877,seen,2
3878,seir,1
3879,select,3
3880,selected,4
3881,selection,4
3882,selective,1
3883,selects,1
3884,selenium,1
3885,selfadministered,1
3886,selfassembly,2
3887,selflimiting,1
3888,selfprotection,1
3889,selfreport,1
3890,selfreported,1
3891,semistructured,1
3892,sense,2
3893,sensitive,1
3894,sensitivity,7
3895,sensitize,1
3896,separate,1
3897,separated,1
3898,separately,2
3899,sepsis,3
3900,septic,1
3901,sequalae,1
3902,sequelae,2
3903,sequence,2
3904,sequences,1
3905,sequencing,2
3906,sequential,1
3907,sequentially,1
3908,series,17
3909,serine,1
3910,serious,16
3911,seriously,1
3912,seroclearance,2
3913,seroconversion,12
3914,seroconvert,1
3915,seroconverted,2
3916,serologic,5
3917,serological,8
3918,serologies,2
3919,serology,3
3920,serologybased,1
3921,seronegative,3
3922,seropositive,5
3923,seropositivity,4
3924,seroprotection,19
3925,seroprotective,2
3926,seroreversion,1
3927,serostatus,4
3928,sertoluzimab,2
3929,serum,23
3930,serve,2
3931,servers,1
3932,service,5
3933,services,5
3934,serving,1
3935,set,4
3936,sets,3
3937,setting,9
3938,settings,8
3939,setup,1
3940,seven,2
3941,several,28
3942,severe,70
3943,severely,3
3944,severity,10
3945,sex,8
3946,sexual,1
3947,shall,1
3948,shape,1
3949,shared,4
3950,shares,2
3951,shed,1
3952,shock,1
3953,short,7
3954,shorten,1
3955,shortening,1
3956,shorter,2
3957,shortterm,6
3958,shot,3
3959,shots,5
3960,show,8
3961,showed,15
3962,showing,5
3963,shown,15
3964,shows,6
3965,sickness,1
3966,side,15
3967,sided,1
3968,sierra,1
3969,sign,3
3970,signal,1
3971,signaling,4
3972,signalling,4
3973,signals,1
3974,significance,1
3975,significant,25
3976,significantly,47
3977,signs,7
3978,silac,1
3979,silencing,1
3980,silvestrol,1
3981,similar,11
3982,similarities,1
3983,similarity,2
3984,similarly,2
3985,simplified,5
3986,simulate,1
3987,simulated,2
3988,simulation,2
3989,simulations,2
3990,simultaneous,1
3991,simultaneously,1
3992,since,17
3993,sinensis,2
3994,single,5
3995,singleantigen,2
3996,singlearm,2
3997,singleblind,1
3998,singlestranded,1
3999,singularly,1
4000,sinopharm,2
4001,sinovac,1
4002,site,4
4003,sites,2
4004,situation,2
4005,situations,1
4006,six,6
4007,size,4
4008,skepticism,1
4009,skin,27
4010,slightly,1
4011,slow,4
4012,slowly,1
4013,small,5
4014,smallmolecule,1
4015,smallpox,1
4016,sobering,1
4017,social,8
4018,socialcultural,1
4019,societal,2
4020,societies,1
4021,society,2
4022,sociodemographic,1
4023,socioeconomic,4
4024,sofosbuvir,2
4025,solid,4
4026,solutions,1
4027,sometimes,2
4028,somewhat,1
4029,sonography,1
4030,soon,6
4031,sorted,1
4032,sot,3
4033,sotetsuflavone,1
4034,sought,3
4035,source,1
4036,sources,7
4037,south,5
4038,southeast,1
4039,southern,1
4040,soybean,1
4041,sparse,1
4042,speaking,1
4043,special,5
4044,specialised,1
4045,specialized,2
4046,specialties,1
4047,species,1
4048,specific,20
4049,specifically,5
4050,specificity,5
4051,specifics,1
4052,specimens,1
4053,speed,9
4054,speeds,1
4055,spending,1
4056,spice,1
4057,spike,9
4058,spite,2
4059,spleens,1
4060,spleensystems,1
4061,splenectomy,1
4062,splenic,2
4063,splenomegaly,1
4064,spontaneous,1
4065,spp,3
4066,spr,10
4067,spread,19
4068,spreads,1
4069,sprs,1
4070,spss,2
4071,ssa,3
4072,st,3
4073,stability,3
4074,stabilityputting,1
4075,stabilized,2
4076,stable,2
4077,staff,2
4078,stage,6
4079,stages,3
4080,stakeholder,1
4081,stance,1
4082,standard,17
4083,standarderythema,1
4084,standardised,1
4085,start,3
4086,started,1
4087,starting,4
4088,state,6
4089,stated,2
4090,statement,1
4091,states,11
4092,statespecific,1
4093,statistic,1
4094,statistical,5
4095,statistically,5
4096,status,15
4097,stay,4
4098,steadily,1
4099,stem,16
4100,step,2
4101,steroids,1
4102,still,17
4103,stimulate,1
4104,stimulated,2
4105,stimulating,2
4106,stimulation,1
4107,stitching,1
4108,stomach,7
4109,stop,3
4110,stopping,2
4111,storage,1
4112,stored,1
4113,storm,14
4114,storms,1
4115,strains,4
4116,strategies,35
4117,strategy,17
4118,stratification,2
4119,stratified,3
4120,strength,2
4121,strengthen,1
4122,strong,8
4123,stronger,1
4124,strongly,3
4125,structure,3
4126,structured,1
4127,structures,3
4128,students,7
4129,studied,10
4130,studies,86
4131,study,113
4132,subclass,1
4133,subclinical,1
4134,subcutaneous,1
4135,subdetection,1
4136,subgenotype,1
4137,subgenus,1
4138,subgroups,1
4139,subject,2
4140,subjected,1
4141,subjects,18
4142,submitted,1
4143,subsaharan,1
4144,subsequent,3
4145,subsequently,2
4146,subset,2
4147,subsets,2
4148,substances,4
4149,substantial,5
4150,substantially,2
4151,substitute,1
4152,subunit,1
4153,success,7
4154,successes,1
4155,successful,8
4156,successfully,5
4157,sudan,1
4158,suffer,1
4159,suffering,1
4160,sufficiency,2
4161,sufficient,2
4162,suggest,12
4163,suggested,7
4164,suggesting,4
4165,suggestion,2
4166,suggestions,1
4167,suggestive,2
4168,suggests,11
4169,suitable,6
4170,suited,1
4171,sumac,6
4172,summarised,1
4173,summarises,1
4174,summarize,6
4175,summarized,5
4176,summarizes,4
4177,summarizing,4
4178,summary,5
4179,summer,1
4180,sunlight,2
4181,superior,3
4182,supervising,1
4183,supervision,1
4184,supplementation,4
4185,supplies,3
4186,supply,3
4187,supplyside,1
4188,support,11
4189,supported,2
4190,supporting,1
4191,supportive,8
4192,supports,2
4193,suppress,3
4194,suppresses,1
4195,suppression,6
4196,surface,35
4197,surgical,1
4198,surrounding,2
4199,surveillance,4
4200,survey,16
4201,surveyed,2
4202,surveys,4
4203,survival,7
4204,survivors,6
4205,susceptibility,2
4206,susceptible,3
4207,sustain,1
4208,sustainable,1
4209,sustained,3
4210,svr,2
4211,switch,1
4212,switched,1
4213,switchto,5
4214,switzerland,1
4215,symptom,1
4216,symptomatic,1
4217,symptoms,18
4218,syncope,1
4219,syncytial,2
4220,syndrome,40
4221,syndromecoronavirus,1
4222,syndromes,1
4223,syndromic,1
4224,synergic,1
4225,synthesis,1
4226,synthesize,1
4227,synthetic,1
4228,system,21
4229,systematic,13
4230,systematically,3
4231,systemic,9
4232,systems,5
4233,tablet,1
4234,tackle,1
4235,taf,7
4236,tail,1
4237,tailor,1
4238,tailored,2
4239,take,8
4240,takeaways,1
4241,taken,3
4242,taking,4
4243,tale,1
4244,tannins,1
4245,tanzania,1
4246,target,12
4247,targeted,7
4248,targeting,5
4249,targets,14
4250,targetspecific,1
4251,taskforce,1
4252,tav,4
4253,tcell,1
4254,tcm,2
4255,tcmherbmeridian,1
4256,td,1
4257,tdf,14
4258,tdp,3
4259,tea,1
4260,team,1
4261,technical,1
4262,technicians,1
4263,technique,3
4264,techniques,4
4265,technological,2
4266,technologies,2
4267,technology,3
4268,telbivudine,4
4269,telephone,1
4270,template,1
4271,ten,3
4272,tends,1
4273,tenet,1
4274,tenofovir,28
4275,tens,2
4276,term,1
4277,termed,1
4278,termini,1
4279,terms,5
4280,terpenoids,1
4281,territories,1
4282,tertiary,2
4283,tertiarycenters,1
4284,test,8
4285,tested,13
4286,testing,22
4287,tests,5
4288,th,3
4289,thalassemia,1
4290,thanks,1
4291,theatre,1
4292,themes,2
4293,theoretical,2
4294,therapeutic,33
4295,therapeutics,11
4296,therapies,28
4297,therapy,75
4298,therapyareas,1
4299,thereby,2
4300,therefore,10
4301,third,4
4302,thirdgeneration,4
4303,thirteen,3
4304,thirty,1
4305,thirtyfour,1
4306,thorough,1
4307,thoroughly,2
4308,though,6
4309,threat,6
4310,threatening,1
4311,threatens,1
4312,three,30
4313,threedose,4
4314,thresholds,1
4315,thrombocytes,1
4316,thromboembolic,1
4317,thromboembolism,1
4318,thrombosis,3
4319,thrombotic,1
4320,throughout,6
4321,thus,9
4322,thymus,1
4323,tight,1
4324,tightly,1
4325,till,1
4326,time,36
4327,timeline,1
4328,timeliness,2
4329,timely,3
4330,times,7
4331,timing,3
4332,tinnitus,1
4333,tips,5
4334,tissue,5
4335,tissues,2
4336,titer,12
4337,titers,13
4338,titles,1
4339,titre,2
4340,titres,6
4341,tlr,1
4342,tn,4
4343,tnf,1
4344,tnfalpha,1
4345,tocilizumab,18
4346,together,7
4347,tolerance,1
4348,tolerated,3
4349,toll,1
4350,tolls,1
4351,took,1
4352,tool,1
4353,tools,2
4354,topic,2
4355,topological,1
4356,torsade,1
4357,total,15
4358,touted,1
4359,tovg,1
4360,toward,2
4361,towards,7
4362,toxic,1
4363,toxicity,1
4364,track,2
4365,tracking,1
4366,tract,3
4367,traditional,4
4368,traditionally,2
4369,tragic,1
4370,trainees,2
4371,training,4
4372,transaminase,2
4373,transcription,2
4374,transcriptional,1
4375,transfected,1
4376,transfer,2
4377,transferred,1
4378,transient,1
4379,translate,1
4380,translated,1
4381,translational,1
4382,transmembrane,1
4383,transmission,27
4384,transmitted,2
4385,transparent,1
4386,transplant,5
4387,transplantation,5
4388,transplanted,2
4389,travelers,2
4390,treat,16
4391,treatb,4
4392,treated,28
4393,treating,10
4394,treatment,184
4395,treatmentnaive,2
4396,treatments,17
4397,tremendous,2
4398,trend,1
4399,trial,29
4400,trials,61
4401,triantigenic,1
4402,tries,1
4403,trillions,1
4404,trimester,1
4405,triumphs,1
4406,trivial,1
4407,trojan,1
4408,trust,3
4409,trusted,2
4410,ttest,2
4411,tuberculosis,3
4412,tubular,1
4413,tumor,1
4414,tumors,1
4415,tumours,1
4416,turn,1
4417,twelve,1
4418,twenty,2
4419,twentyfive,2
4420,twentyone,2
4421,twentythree,1
4422,two,34
4423,twodose,6
4424,type,4
4425,types,6
4426,typhoid,1
4427,typically,1
4428,tyrosine,1
4429,u,3
4430,uganda,3
4431,ugandan,1
4432,uk,1
4433,ul,1
4434,ulcers,1
4435,ultimately,1
4436,unanticipated,1
4437,unavailability,1
4438,uncertainty,3
4439,unclear,2
4440,uncommon,1
4441,uncontrollable,1
4442,uncontrolled,1
4443,undergoing,7
4444,underlying,8
4445,underpinning,1
4446,understand,4
4447,understandable,1
4448,understanding,13
4449,understood,5
4450,understudied,1
4451,undertake,1
4452,undertaken,2
4453,undertaking,1
4454,underway,2
4455,underwent,5
4456,undetectable,3
4457,unethical,1
4458,unfeasible,1
4459,unfolding,1
4460,unfolds,1
4461,uniformed,1
4462,uniformity,1
4463,unilateral,4
4464,unimmunized,1
4465,unique,3
4466,unit,1
4467,united,12
4468,univariable,1
4469,universal,7
4470,university,8
4471,unknown,7
4472,unless,1
4473,unlike,1
4474,unlikely,2
4475,unmanageable,1
4476,unnecessary,1
4477,unparalleled,2
4478,unprecedented,5
4479,unpredictable,1
4480,unrelated,1
4481,unrelenting,1
4482,unresolved,2
4483,unsettled,1
4484,unsure,2
4485,untoward,1
4486,untreated,2
4487,unvaccinated,3
4488,unwilling,1
4489,update,3
4490,updated,8
4491,updating,1
4492,upon,2
4493,upper,2
4494,upregulated,1
4495,uptake,16
4496,uptodate,1
4497,urgent,11
4498,urgently,7
4499,urticaria,1
4500,urticarial,1
4501,us,17
4502,usa,3
4503,usage,3
4504,usd,4
4505,use,59
4506,used,62
4507,useful,10
4508,usefulness,1
4509,usfda,3
4510,using,43
4511,usually,4
4512,utility,2
4513,utilization,2
4514,utilize,1
4515,utilized,3
4516,utilizing,1
4517,uv,1
4518,vaccinate,1
4519,vaccinated,17
4520,vaccination,144
4521,vaccinationrate,1
4522,vaccinationrelated,1
4523,vaccinations,10
4524,vaccinationspecific,1
4525,vaccine,388
4526,vaccineassociated,1
4527,vaccineboosted,1
4528,vaccinecoverage,1
4529,vaccinehesitant,1
4530,vaccineinduced,3
4531,vaccinepreventable,1
4532,vaccines,126
4533,vaccinology,2
4534,vaers,1
4535,vaginal,1
4536,vah,2
4537,validate,2
4538,validated,1
4539,validation,3
4540,valuable,1
4541,valuation,2
4542,valued,1
4543,values,5
4544,variability,1
4545,variable,3
4546,variables,4
4547,variants,3
4548,varied,3
4549,variety,7
4550,various,7
4551,vary,3
4552,varying,1
4553,vascular,3
4554,vasculitis,3
4555,vasodilator,2
4556,vc,3
4557,vector,1
4558,vectors,2
4559,vehicles,1
4560,venous,2
4561,ventilation,6
4562,ventilator,1
4563,verified,1
4564,verify,4
4565,version,2
4566,versus,9
4567,vertebrate,1
4568,vertical,2
4569,vertigo,2
4570,vesicles,1
4571,vesicular,1
4572,vestibulotoxicity,1
4573,via,4
4574,viability,1
4575,vietnam,6
4576,view,2
4577,viewpoint,1
4578,views,1
4579,vintage,1
4580,viraemic,1
4581,viral,60
4582,viralvectorbased,1
4583,viremia,5
4584,virions,1
4585,virologic,3
4586,virological,1
4587,virology,1
4588,virtual,1
4589,virulence,1
4590,virus,129
4591,viruses,9
4592,virushost,1
4593,viruslikeparticlebased,1
4594,virusrelated,1
4595,visited,1
4596,visits,1
4597,vital,5
4598,vitamin,16
4599,vitamins,1
4600,vitro,6
4601,vivo,4
4602,viz,1
4603,voice,1
4604,volunteers,3
4605,vqr,3
4606,vs,36
4607,vulgaris,1
4608,vulnerable,2
4609,vzv,1
4610,wait,1
4611,wanfang,1
4612,waning,1
4613,war,1
4614,warn,1
4615,warned,1
4616,warning,1
4617,warp,1
4618,warranted,2
4619,wave,1
4620,way,6
4621,ways,4
4622,wealth,1
4623,web,3
4624,website,1
4625,week,3
4626,weeks,15
4627,weighing,1
4628,weight,4
4629,well,29
4630,welldesigned,1
4631,welltolerated,1
4632,wen,1
4633,west,3
4634,western,1
4635,whatever,1
4636,whereas,5
4637,whether,10
4638,whilst,1
4639,white,4
4640,whitney,1
4641,whoever,1
4642,whole,2
4643,whos,1
4644,whose,3
4645,wide,1
4646,widely,8
4647,widening,1
4648,widespread,4
4649,willing,5
4650,willingness,3
4651,willingnesstopay,1
4652,windows,1
4653,winter,2
4654,wintertime,1
4655,wish,1
4656,withholding,1
4657,within,25
4658,without,19
4659,women,17
4660,word,1
4661,words,1
4662,work,6
4663,worked,1
4664,workers,6
4665,workflow,2
4666,working,3
4667,workload,2
4668,workplace,2
4669,world,29
4670,worlds,2
4671,worldwide,27
4672,worse,1
4673,worsening,3
4674,worthy,1
4675,would,14
4676,wreaked,1
4677,writing,1
4678,wtp,10
4679,wuhan,6
4680,wwwclinicaltrialsgov,1
4681,x,5
4682,year,10
4683,yearold,1
4684,years,70
4685,yen,2
4686,yenimahalle,1
4687,yes,4
4688,yet,6
4689,yongin,1
4690,young,6
4691,younger,5
4692,zero,1
4693,zhuang,1
4694,zika,1
4695,zinc,2
4696,zingiber,1
4697,zone,1
4698,zoonotic,1
4699,zoster,2
